Category,name,mrp,discountPercent,availableQuantity,discountedSellingPrice,weightInGms,outOfStock,quantity
Fruits & Vegetables,Onion,2500,16,3,2100,1000,FALSE,1
Fruits & Vegetables,Tomato Hybrid,4200,16,3,3500,1000,FALSE,1
Fruits & Vegetables,Tender Coconut,5100,15,3,4300,58,FALSE,1
Fruits & Vegetables,Coriander Leaves,2000,15,3,1700,100,FALSE,100
Fruits & Vegetables,Ladies Finger,1400,14,3,1200,250,FALSE,250
Fruits & Vegetables,Potato,3500,17,3,2900,1000,FALSE,1
Fruits & Vegetables,Lemon,7500,16,3,6300,200,FALSE,200
Fruits & Vegetables,Watermelon,5800,15,3,4900,58,FALSE,1
Fruits & Vegetables,Capsicum Green,2300,17,3,1900,250,FALSE,250
Fruits & Vegetables,Chilli Green,1900,15,3,1600,100,FALSE,100
Fruits & Vegetables,Banana Robusta,2900,17,3,2400,348,FALSE,6
Fruits & Vegetables,Garlic Indian,1100,18,3,900,100,FALSE,100
Fruits & Vegetables,Cauliflower,2600,15,3,2200,58,FALSE,1
Fruits & Vegetables,Ginger,1400,14,3,1200,200,FALSE,200
Fruits & Vegetables,Spinach,1900,15,3,1600,250,FALSE,250
Fruits & Vegetables,Muskmelon,4200,16,3,3500,58,FALSE,1
Fruits & Vegetables,Cabbage,1500,13,3,1300,58,FALSE,1
Fruits & Vegetables,Methi,3000,16,3,2500,250,FALSE,250
Fruits & Vegetables,Broccoli,3600,16,3,3000,500,FALSE,500
Fruits & Vegetables,Sapota,3000,16,3,2500,348,FALSE,6
Fruits & Vegetables,Onion,6800,16,3,5700,3000,FALSE,3
Fruits & Vegetables,Potato,10000,16,3,8400,3000,FALSE,3
Fruits & Vegetables,Orange Nagpur,8200,15,3,6900,232,FALSE,4
Fruits & Vegetables,Mint Leaves,1100,18,3,900,100,FALSE,100
Fruits & Vegetables,Beans French,3300,15,3,2800,250,FALSE,250
Fruits & Vegetables,Bottle Gourd,2600,15,3,2200,58,FALSE,1
Fruits & Vegetables,Banana Elaichi,5800,15,3,4900,348,FALSE,6
Fruits & Vegetables,Coconut Big,3600,16,3,3000,58,FALSE,1
Fruits & Vegetables,Curry Leaves,1300,15,3,1100,50,FALSE,50
Fruits & Vegetables,Brinjal Bharta,1900,15,3,1600,58,FALSE,1
Fruits & Vegetables,Lettuce Iceberg,2500,16,3,2100,250,FALSE,250
Fruits & Vegetables,Papaya,5400,16,3,4500,58,FALSE,1
Fruits & Vegetables,Apple Shimla,14200,16,3,11900,232,FALSE,4
Fruits & Vegetables,Bitter Gourd,1800,16,3,1500,250,FALSE,250
Fruits & Vegetables,Brinjal Small,1800,16,3,1500,250,FALSE,250
Fruits & Vegetables,Sweet Corn,3600,16,3,3000,116,FALSE,2
Fruits & Vegetables,Spring Onion,1800,16,3,1500,250,FALSE,250
Fruits & Vegetables,Bell Peppers Red & Yellow,11800,16,3,9900,116,FALSE,2
Fruits & Vegetables,Pomegranate,10600,16,3,8900,116,FALSE,2
Fruits & Vegetables,Sweet Lime,3000,16,3,2500,116,FALSE,2
Fruits & Vegetables,Baby Potato,1900,15,3,1600,500,FALSE,500
Fruits & Vegetables,Coccinia,3200,15,3,2700,250,FALSE,250
Fruits & Vegetables,Guava,5400,16,3,4500,232,FALSE,4
Fruits & Vegetables,Apple Washington,17700,15,3,14900,232,FALSE,4
Fruits & Vegetables,Amla,3200,15,3,2700,250,FALSE,250
Fruits & Vegetables,Beans Cluster,3000,16,3,2500,250,FALSE,250
Fruits & Vegetables,Apple Royal Gala,18900,15,3,15900,232,FALSE,4
Fruits & Vegetables,Chilli Bhaji,3000,16,3,2500,250,FALSE,250
Fruits & Vegetables,Lettuce Green,2300,17,3,1900,100,FALSE,100
Fruits & Vegetables,Baby Corn Peeled,3500,17,3,2900,250,FALSE,250
Fruits & Vegetables,Mixed Sprouts,3500,17,3,2900,200,FALSE,200
Fruits & Vegetables,Zucchini Green,3500,17,3,2900,250,FALSE,250
Fruits & Vegetables,Beans Broad,4200,16,3,3500,250,FALSE,250
Fruits & Vegetables,Raw Banana,2000,15,6,1700,500,FALSE,500
Fruits & Vegetables,Colocasia,2900,17,6,2400,500,FALSE,500
Fruits & Vegetables,Tomato Cherry,3500,17,3,2900,200,FALSE,200
Fruits & Vegetables,Sweet Potato,3800,15,3,3200,500,FALSE,500
Fruits & Vegetables,Pineapple Slice,8900,15,3,7500,200,FALSE,200
Fruits & Vegetables,Orange,5400,16,3,4500,116,FALSE,2
Fruits & Vegetables,Dragon Fruit Imported,7000,15,3,5900,58,FALSE,1
Fruits & Vegetables,Zucchini Yellow,4200,16,3,3500,250,FALSE,500
Fruits & Vegetables,Apple Kinnaur,14200,16,6,11900,232,FALSE,4
Fruits & Vegetables,Pineapple,9400,15,3,7900,58,FALSE,1
Fruits & Vegetables,Basil,2000,15,3,1700,100,FALSE,100
Fruits & Vegetables,Parsley,1700,17,3,1400,100,FALSE,100
Fruits & Vegetables,Ridge Gourd,3000,16,3,2500,500,FALSE,500
Fruits & Vegetables,Papaya Cut,4600,15,3,3900,200,FALSE,200
Fruits & Vegetables,Pomegranate Peeled,5800,15,2,4900,100,FALSE,100
Fruits & Vegetables,Pear Green Imported,8200,15,3,6900,116,FALSE,2
Fruits & Vegetables,Guava Thai,7000,15,3,5900,116,FALSE,2
Fruits & Vegetables,Lettuce Red,2000,15,3,1700,100,FALSE,100
Fruits & Vegetables,Mango Raw,6000,16,3,5000,500,FALSE,500
Fruits & Vegetables,Biryani /Pulav Mix,5800,15,3,4900,250,FALSE,250
Fruits & Vegetables,Banana Nendran,5400,16,6,4500,500,FALSE,500
Fruits & Vegetables,Pumpkin Cut,3000,16,3,2500,200,FALSE,200
Fruits & Vegetables,Banana Red,5400,16,6,4500,500,FALSE,500
Fruits & Vegetables,Radish White,2300,17,6,1900,500,FALSE,500
Fruits & Vegetables,Avocado Indian Premium,17700,15,3,14900,58,FALSE,1
Fruits & Vegetables,Banana Leaf,1200,16,2,1000,58,FALSE,1
Fruits & Vegetables,Sponge Gourd,2500,16,2,2100,300,FALSE,300
Fruits & Vegetables,Zama Organics Carrot,2000,15,3,1700,250,FALSE,250
Fruits & Vegetables,Safal Frozen - Mixed Vegetables,11000,4,2,10500,1000,FALSE,1
Fruits & Vegetables,Zama Organics Sweet Potato,3700,16,3,3100,250,FALSE,250
Fruits & Vegetables,Beetroot,1600,18,3,1300,500,FALSE,500
Fruits & Vegetables,Capsicum,2600,19,3,2100,500,FALSE,500
Fruits & Vegetables,Carrot,1900,21,3,1500,500,FALSE,500
Fruits & Vegetables,Garlic,1700,23,3,1300,200,FALSE,200
Fruits & Vegetables,Carrot,1300,15,0,1100,250,TRUE,200
Fruits & Vegetables,Beetroot,1100,18,0,900,250,TRUE,250
Fruits & Vegetables,Moong Sprouts,3500,17,0,2900,200,TRUE,200
Fruits & Vegetables,Safal Frozen Mixed Vegetables,6000,5,0,5700,500,TRUE,500
Fruits & Vegetables,Safal Frozen Corn,4100,4,0,3900,200,TRUE,200
Fruits & Vegetables,Safal Frozen - Sweet Corn,16000,5,0,15200,1000,TRUE,1
Cooking Essentials,Maggi 2 Minute Masala Noodles,1200,0,6,1200,70,FALSE,70
Cooking Essentials,iD Idli & Dosa Batter,8000,15,6,6800,1000,FALSE,1
Cooking Essentials,Tata Salt,2400,0,6,2400,1000,FALSE,1
Cooking Essentials,Arden Eggs White,9700,0,4,9700,696,FALSE,12
Cooking Essentials,Arden Eggs White,6500,15,4,5500,348,FALSE,6
Cooking Essentials,Fortune Sunlite Refined Sunflower (Pouch),23000,4,6,21900,1000,FALSE,1
Cooking Essentials,Aashirvaad Superior MP Atta,25000,2,6,24500,5000,FALSE,5
Cooking Essentials,Amul Pure Ghee (Pouch),25500,2,6,24900,500,FALSE,500
Cooking Essentials,Arden Eggs Brown,8500,7,4,7900,348,FALSE,6
Cooking Essentials,Tata Salt Lite,4000,10,6,3600,1000,FALSE,1
Cooking Essentials,Saffola Gold Oil (Pouch),21500,0,6,21500,1000,FALSE,1
Cooking Essentials,Fortune Sunlite Refined Sunflower (Jar),92500,0,6,92500,5000,FALSE,5
Cooking Essentials,Fortune Rice Bran (Pouch),22500,11,6,19900,1000,FALSE,1
Cooking Essentials,Saffola Active Oil,21000,0,6,21000,1000,FALSE,1
Cooking Essentials,Amul Pure Ghee (Pouch),50500,1,2,49900,1000,FALSE,1
Cooking Essentials,Aashirvaad Atta,46000,13,6,39900,10000,FALSE,10
Cooking Essentials,Popular Essentials Toor Dal (Un-Polished),16000,6,4,14900,1000,FALSE,1
Cooking Essentials,Amul Ghee (Tin),52000,2,6,50900,1000,FALSE,1
Cooking Essentials,Amul Fresh Cream,19700,3,3,19100,1000,FALSE,1
Cooking Essentials,Popular Essentials Pure Jaggery,5000,2,6,4900,450,FALSE,450
Cooking Essentials,Aashirvaad Multigrain Atta,6400,3,2,6200,1000,FALSE,1
Cooking Essentials,Fortune Soyabean Oil,100500,0,6,99900,5000,FALSE,5
Cooking Essentials,Popular Essentials Sunflower Seeds,2500,0,6,2500,50,FALSE,50
Cooking Essentials,Tata Sampann kabuli chana,18500,1,4,18300,1000,FALSE,500
Cooking Essentials,Dhara Groundnut Oil (Pouch),23000,11,6,20300,1000,FALSE,1
Cooking Essentials,Dhara Health Refined Sun Flower Oil Jar,120000,18,6,98400,5000,FALSE,5
Cooking Essentials,24 Mantra Organic Jaggery Powder,8000,15,6,6800,500,FALSE,500
Cooking Essentials,Tata Sampann High Protien Kabuli Chana,9400,0,1,9400,500,FALSE,500
Cooking Essentials,Dhara Kachi Ghani Mustard Oil Jar,125000,8,6,114300,5000,FALSE,5
Cooking Essentials,D'lecta Dairy Cream,5400,5,6,5100,200,FALSE,200
Cooking Essentials,Ching's Secret Instant Hot Garlic Noodles,1500,0,3,1500,60,FALSE,60
Cooking Essentials,Dabur Ginger Garlic Paste,2500,8,3,2300,100,FALSE,100
Cooking Essentials,Ching's Secret Instant Schezwan Noodles,1500,0,6,1500,60,FALSE,60
Cooking Essentials,Gowardhan Ghee/Tuppa Jar,31500,1,6,30900,500,FALSE,500
Cooking Essentials,Tata Sampann Unpolished Moong Dal,9200,4,4,8800,500,FALSE,500
Cooking Essentials,Aashirvaad Select Atta,6400,0,6,6400,1000,FALSE,1
Cooking Essentials,Popular Essentials Misri Dana (Diamond Sugar),1500,0,4,1500,100,FALSE,100
Cooking Essentials,Gowardhan Ghee Jar,59800,3,6,57900,1000,FALSE,1
Cooking Essentials,Top Ramen Noodles Curry Veg Pouch,2000,0,1,2000,70,FALSE,70
Cooking Essentials,Popular Essentials Refined Sugar,6000,0,6,6000,1000,FALSE,1
Cooking Essentials,Fortune Kachi Ghani Mustard Oil Bottle,21600,7,6,19900,1000,FALSE,1
Cooking Essentials,Saffola Veggie Twist Masala Oats,1500,0,6,1500,38,FALSE,38
Cooking Essentials,Satyam Puffed Rice Kurmura (R),2300,0,6,2300,200,FALSE,200
Cooking Essentials,Quaker Oats,7900,0,2,7900,400,FALSE,400
Cooking Essentials,Aashirvaad Select Sharbati Atta,31500,10,6,28300,5000,FALSE,5
Cooking Essentials,Popular Essentials Refined Sugar,29500,10,6,26500,5000,FALSE,5
Cooking Essentials,Gowardhan Cow Ghee Pouch,57900,10,6,52100,1000,FALSE,1
Cooking Essentials,Dhara Nourish Refined Sunflower Oil Pouch,21000,5,6,19900,1000,FALSE,1
Cooking Essentials,Parachute Oil,4000,7,3,3700,100,FALSE,100
Cooking Essentials,Popular Essentials Plain Puffed Rice (Murmura/Muri),1800,0,6,1800,100,FALSE,100
Cooking Essentials,Amul Mithai Mate Condensed Sweetened Milk,5600,3,4,5400,200,FALSE,200
Cooking Essentials,Saffola Gold (Jar),124000,0,6,124000,5000,FALSE,5
Cooking Essentials,McCain New Mini Samosa with Cheese Pizza Style Filling,12000,1,3,11800,240,FALSE,240
Cooking Essentials,Fortune Rice Bran Health Oil (Jar),105000,1,6,103900,5000,FALSE,5
Cooking Essentials,Arden Desi Eggs,11000,13,4,9500,348,FALSE,6
Cooking Essentials,Fortune Rozana Basmati Rice,58500,21,6,46200,5000,FALSE,5
Cooking Essentials,Fortune Biriyani Special Basmati Rice,17500,0,5,17500,1000,FALSE,1
Cooking Essentials,Everest Garam Masala,7800,7,5,7200,100,FALSE,100
Cooking Essentials,Popular Essentials Pumpkin Seeds,9000,16,6,7500,100,FALSE,100
Cooking Essentials,Fortune Soya Health Refined Soybean Oil,21000,1,2,20600,1000,FALSE,1
Cooking Essentials,Gowardhan Pure Ghee Pouch,29500,4,6,28100,500,FALSE,500
Cooking Essentials,Popular Essentials Jeera/Cumin Seeds,4000,5,3,3800,100,FALSE,100
Cooking Essentials,Weikfield Baking Soda,3000,3,6,2900,100,FALSE,100
Cooking Essentials,Everest Pav Bhaji Masala,3700,10,4,3300,50,FALSE,50
Cooking Essentials,Tata Sampann Unpolished Chana Dal,9500,6,2,8900,1000,FALSE,500
Cooking Essentials,Amul Mithai Mate EOE Tin,11200,2,6,10900,400,FALSE,400
Cooking Essentials,Pillsbury Chakki Fresh Atta,45000,16,6,37500,10000,FALSE,10
Cooking Essentials,Everest Chicken Masala,3900,2,1,3800,50,FALSE,50
Cooking Essentials,Dhara Life Refined Ricebran Oil (Pouch),20500,7,6,19000,1000,FALSE,1
Cooking Essentials,Borges Extra Virgin Olive Oil,40000,25,1,29900,250,FALSE,250
Cooking Essentials,Everest Shahi Biryani Masala,7000,14,6,6000,50,FALSE,50
Cooking Essentials,Popular Essentials Californian Almond,35000,28,6,25100,250,FALSE,250
Cooking Essentials,Popular Essentials Ajwain Whole,2500,0,4,2500,50,FALSE,50
Cooking Essentials,Everest Tikhalal Chilli Powder,23500,9,6,21200,500,FALSE,500
Cooking Essentials,Popular Essentials Kabuli Chana Regular,8500,9,6,7700,500,FALSE,500
Cooking Essentials,Pillsbury Chakki Fresh Atta,5200,0,4,5200,1000,FALSE,1
Cooking Essentials,Popular Essentials Saunf/Fennel Seeds,4500,2,6,4400,100,FALSE,100
Cooking Essentials,Popular Essentials Bansi Sooji,3500,2,3,3400,500,FALSE,500
Cooking Essentials,Happilo Premium International Queen Kalmi Dates,24500,29,6,17200,200,FALSE,200
Cooking Essentials,Tata Sampann Unpolished Urad Whole,10100,6,4,9400,500,FALSE,500
Cooking Essentials,Popular Essentials Cashew Split,32500,12,6,28300,250,FALSE,250
Cooking Essentials,Popular Essentials Chana Dal (Un-Polished),6000,10,6,5400,500,FALSE,500
Cooking Essentials,Tata Sampann Unpolished Rajma (Chitra),13400,6,6,12500,500,FALSE,500
Cooking Essentials,Everest Garam Masala,4200,2,2,4100,50,FALSE,50
Cooking Essentials,Everest Kitchen King Masala,7000,14,2,6000,100,FALSE,100
Cooking Essentials,24 Mantra Organic Cumin,7000,7,2,6500,100,FALSE,100
Cooking Essentials,Nestle Milkmaid,13200,3,6,12800,400,FALSE,400
Cooking Essentials,Popular Essentials Sona Masouri Steam Rice,6500,9,6,5900,1000,FALSE,1
Cooking Essentials,24 Mantra Organic Tur Dal,26000,20,6,20800,1000,FALSE,1
Cooking Essentials,Gits Gulab Jamun Instant Dessert Mix,9900,10,6,8900,200,FALSE,200
Cooking Essentials,Popular Essentials Black Masoor Whole (Un-Polished),6500,10,3,5800,500,FALSE,500
Cooking Essentials,24 Mantra Organic Peanuts,13500,7,1,12500,500,FALSE,500
Cooking Essentials,Everest Hingraj Powder,9000,10,2,8100,50,FALSE,50
Cooking Essentials,Everest Black Pepper Powder,13500,14,6,11500,100,FALSE,100
Cooking Essentials,Tata Sampann Masoor Dal Stand,15000,10,4,13400,1000,FALSE,1
Cooking Essentials,24 Mantra Organic Besan,9500,7,5,8800,500,FALSE,500
Cooking Essentials,Quaker Oats,19900,7,6,18400,1000,FALSE,1
Cooking Essentials,Saffola Gold Refined Cooking Oil (Jar),48500,7,6,44900,2000,FALSE,2
Cooking Essentials,Nestle Everyday Dairy Whitener,21000,0,4,21000,400,FALSE,400
Cooking Essentials,24 Mantra Organic Red Poha,7500,8,1,6900,500,FALSE,500
Cooking Essentials,Everest Powder - Tea Masala,9800,9,5,8900,100,FALSE,100
Cooking Essentials,Tata Sampann Urad Dal Split,9400,4,6,9000,500,FALSE,500
Cooking Essentials,Popular Essentials Idli Sooji,3000,6,6,2800,500,FALSE,500
Cooking Essentials,Popular Essentials Dessicated Coconut,9500,9,6,8600,200,FALSE,200
Cooking Essentials,Sunfeast Yippee! Mood Masala Noodles,6000,28,3,4300,260,FALSE,260
Cooking Essentials,Chef's Basket Durum Wheat Elbow Pasta,16000,50,6,8000,500,FALSE,500
Cooking Essentials,MTR Breakfast Khatta Meetha Poha Mix,2500,20,6,2000,60,FALSE,60
Cooking Essentials,Satyam Khobra,11300,10,5,10100,200,FALSE,200
Cooking Essentials,Betty Crocker Complete Pancake Mix Original,11000,4,6,10500,250,FALSE,500
Cooking Essentials,Borges Durum Wheat Fusilli Pasta,25000,0,3,25000,500,FALSE,500
Cooking Essentials,24 Mantra Organic Green Moong Dal - Split,13500,0,2,13500,500,FALSE,500
Cooking Essentials,Weikfield Vanilla Flavoured Custard Powder,3700,0,6,3700,100,FALSE,100
Cooking Essentials,Tata Sampann Moong Dal Split,18000,1,5,17800,1000,FALSE,200
Cooking Essentials,Tata Sampann Kala Chana,6400,0,5,6400,500,FALSE,500
Cooking Essentials,Saffola Soya Chunks Mealmaker,5000,0,2,5000,200,FALSE,200
Cooking Essentials,24 Mantra Bura Sugar (Demerara),8000,10,6,7200,500,FALSE,500
Cooking Essentials,Popular Essentials Green Cardamom (Elaichi),20000,1,6,19800,50,FALSE,50
Cooking Essentials,Hershey's Syrup Delicious Strawberry,9500,0,1,9500,200,FALSE,200
Cooking Essentials,Popular Essentials Anjeer,19000,11,4,16900,100,FALSE,100
Cooking Essentials,Popular Essentials Mustard Seeds Rai Small,2000,0,2,2000,100,FALSE,100
Cooking Essentials,Weikfield Baking Powder,3300,3,6,3200,100,FALSE,100
Cooking Essentials,Dabur Honey Squeezy,18500,9,6,16700,225,FALSE,225
Cooking Essentials,Tata Sampann High Protein Kali Urad,9100,14,6,7800,500,FALSE,500
Cooking Essentials,Everest Kitchen King Masala,3700,2,6,3600,50,FALSE,50
Cooking Essentials,Chef's Basket Durum Wheat Fusilli Pasta,16000,50,6,8000,500,FALSE,500
Cooking Essentials,TilSona Til Oil,18000,10,2,16200,500,FALSE,500
Cooking Essentials,Top Ramen Chicken Noodles,6000,10,1,5400,280,FALSE,280
Cooking Essentials,Everest Chaat Masala,3500,2,1,3400,50,FALSE,50
Cooking Essentials,Keya Wonder Red Hot Chilli Flakes,8900,10,2,8000,40,FALSE,40
Cooking Essentials,Popular Essentials White Peas (Un-Polished),8000,10,5,7200,500,FALSE,500
Cooking Essentials,Chingâ€™s Secret Chowmein Hakka Noodles Masala,4400,0,2,4400,60,FALSE,60
Cooking Essentials,Dhara Filtered Groundnut Oil (Jar),105000,1,6,103500,5000,FALSE,5
Cooking Essentials,Pillsbury Choco Chip Pancake Mix,9900,5,6,9400,165,FALSE,165
Cooking Essentials,Hershey's Caramel Syrup,23000,0,1,23000,623,FALSE,623
Cooking Essentials,Pillsbury Multi Grain Atta,6000,6,3,5600,1000,FALSE,1
Cooking Essentials,McCain New Mini Samosa with Cheese Corn Style Filling,12000,1,2,11800,240,FALSE,240
Cooking Essentials,Satyam Puffed Rice Kurmura (A),4300,0,6,4300,200,FALSE,200
Cooking Essentials,MTR 3 Min Poha,2500,0,6,2500,60,FALSE,60
Cooking Essentials,Ching's Manchurian Instant Noodles,1500,0,5,1500,60,FALSE,60
Cooking Essentials,Everest Pav Bhaji Masala,7000,0,2,7000,100,FALSE,100
Cooking Essentials,Hershey's Chocolate Flavour Syrup,22000,6,6,20500,623,FALSE,680
Cooking Essentials,Popular Essentials Dhania (Coriander Seeds),5500,16,4,4600,200,FALSE,200
Cooking Essentials,24 Mantra Red Chilly Whole,7000,7,1,6500,100,FALSE,100
Cooking Essentials,Dabur Honey - World's No.1,12000,0,6,12000,250,FALSE,250
Cooking Essentials,24 Mantra Organic Puffed Rice,4000,2,6,3900,200,FALSE,200
Cooking Essentials,24 Mantra Organic Wheat Daliya,4800,2,2,4700,500,FALSE,500
Cooking Essentials,24 Mantra Organic Ragi Flour,6500,20,4,5200,500,FALSE,500
Cooking Essentials,Popular Essentials Cinnamon Whole (Dalchini),3500,5,6,3300,25,FALSE,25
Cooking Essentials,Sundrop Super Lite Advanced - Sunflower Oil,21500,0,4,21500,1000,FALSE,1
Cooking Essentials,Pillsbury Atta/Godihittu - Chakki Fresh,10200,7,4,9400,2000,FALSE,2
Cooking Essentials,Popular Essentials Green Moong Chilka/Chilka (Un-Polished),8500,7,5,7900,500,FALSE,500
Cooking Essentials,Popular Essentials HMT Kolam Steam,7500,0,3,7500,1000,FALSE,1
Cooking Essentials,Popular Essentials Black Urad Split,8000,10,4,7200,500,FALSE,500
Cooking Essentials,Keya Oregano,10900,10,5,9800,9,FALSE,9
Cooking Essentials,Popular Essentials Pink Rajma,10000,10,6,9000,500,FALSE,500
Cooking Essentials,Everest Chicken Masala,7400,2,6,7200,100,FALSE,100
Cooking Essentials,Popular Essentials HMT Kolam Steam,37000,10,6,33300,5000,FALSE,5
Cooking Essentials,Everest Shahi Paneer Masala,4200,4,5,4000,50,FALSE,50
Cooking Essentials,Godrej Yummiez Chicken Nuggets,32500,9,1,29300,500,FALSE,500
Cooking Essentials,Flying Bird Vanilla Essence,3500,2,6,3400,20,FALSE,20
Cooking Essentials,Everest Sabji Masala,3000,3,6,2900,50,FALSE,50
Cooking Essentials,Popular Essentials Californian Almond,69500,32,6,47000,500,FALSE,500
Cooking Essentials,Cornitos Cornitos Taco Shells - 4 Inches,11000,20,6,8800,80,FALSE,80
Cooking Essentials,Everest Rajma Masala,3300,3,5,3200,50,FALSE,50
Cooking Essentials,Popular Essentials White Til,4000,5,1,3800,100,FALSE,100
Cooking Essentials,Amul Dark Compound Chocolate Slab,12500,2,6,12200,500,FALSE,500
Cooking Essentials,Mothers Recipe Papad Chana Masala,7900,10,6,7100,200,FALSE,200
Cooking Essentials,Ching's Schezwan Masala Instant Noodles,6000,0,1,6000,240,FALSE,240
Cooking Essentials,Amul Milk Compound Chocolate Slab,11000,2,6,10700,500,FALSE,500
Cooking Essentials,Eastern Chicken Masala,7000,7,3,6500,100,FALSE,100
Cooking Essentials,Popular Essentials Methi Seeds,2500,0,5,2500,100,FALSE,100
Cooking Essentials,Saffola Yummy Masala Noodles,2000,0,2,2000,46,FALSE,46
Cooking Essentials,Cadbury Hot Chocolate,17500,5,6,16600,200,FALSE,200
Cooking Essentials,Ching's Chicken Chilli Masala,1000,0,6,1000,20,FALSE,20
Cooking Essentials,Dabur Keora water - Authentic flavour for Biryani's and Desserts,6200,6,6,5800,250,FALSE,250
Cooking Essentials,Popular Essentials Black Cardamom/Elaichi,10000,10,6,9000,50,FALSE,50
Cooking Essentials,Popular Essentials Idli Rice,6000,10,4,5400,1000,FALSE,1
Cooking Essentials,Everest Chole Masala,3300,3,1,3200,50,FALSE,50
Cooking Essentials,Dabur Hommade Tamarind Paste,4800,6,6,4500,200,FALSE,200
Cooking Essentials,"""Maggi Magic Cubes, Vegetarian Masala (Free 2 Cubes Inside)""",3500,2,6,3400,48,FALSE,48
Cooking Essentials,Popular Essentials Cooking Soda,3000,10,6,2700,200,FALSE,200
Cooking Essentials,RRO Primio Refined Groundnut Oil Pet Bottle,25500,6,2,23900,1000,FALSE,1
Cooking Essentials,Everest Pani Puri Masala,3100,3,6,3000,50,FALSE,50
Cooking Essentials,Nissin Cup Noodles Tangy Tomato,5000,10,2,4500,70,FALSE,70
Cooking Essentials,Ching's Veg Manchurian Masala,1000,0,2,1000,20,FALSE,20
Cooking Essentials,Ceres Foods Fish Mustard Instant Liquid Masala,22000,50,6,11000,200,FALSE,200
Cooking Essentials,Everest Garam Masala,15800,10,6,14200,200,FALSE,200
Cooking Essentials,24 Mantra Organic Jowar Flour,7000,7,6,6500,500,FALSE,500
Cooking Essentials,Maggi Coconut Milkpowder,10000,0,6,10000,100,FALSE,100
Cooking Essentials,On1y Pepper Grinder,15900,9,1,14400,50,FALSE,50
Cooking Essentials,Popular Essentials Rice Flour,6000,0,3,6000,1000,FALSE,1
Cooking Essentials,Sunfeast Yippee! Pasta Treat - Sour Cream Onion,2800,10,1,2500,65,FALSE,65
Cooking Essentials,24 Mantra Organic Brown Sona Masoori Rice,9500,0,6,9500,1000,FALSE,1
Cooking Essentials,Happilo Premium Afghani Anjeer,36500,29,2,25600,200,FALSE,200
Cooking Essentials,Popular Essentials Chiroti Sooji,3500,2,6,3400,500,FALSE,500
Cooking Essentials,RRO Til Dil Premium Til Oil Bottle,33000,10,5,29400,1000,FALSE,1
Cooking Essentials,Popular Essentials Red Rajma,9000,10,6,8100,500,FALSE,500
Cooking Essentials,Cornitos Peanut - Premium Salted,12000,10,6,10800,150,FALSE,150
Cooking Essentials,Popular Essentials Black Pepper,10000,10,5,9000,100,FALSE,100
Cooking Essentials,24 Mantra Organic Tur Dal - Split,13000,7,6,12000,500,FALSE,500
Cooking Essentials,Sugarfree Gold Low Calorie Sweetner,6500,6,3,6100,110,FALSE,100
Cooking Essentials,Ching's Secret Paneer Chilli Masala,1000,0,2,1000,20,FALSE,20
Cooking Essentials,Dabur Honey,22000,7,3,20400,500,FALSE,500
Cooking Essentials,Sunfeast Yippee! Pasta Treat - Sour Cream Onion,2800,17,3,2300,65,FALSE,65
Cooking Essentials,Everest Tea Masala,5500,9,2,5000,50,FALSE,50
Cooking Essentials,Ching's Paneer Chilli Masala,4400,0,4,4400,60,FALSE,60
Cooking Essentials,Sunfeast YiPPee! Magic Masala Noodles,7000,10,3,6300,405,FALSE,405
Cooking Essentials,Everest Meat Masala Powder,7400,9,3,6700,100,FALSE,100
Cooking Essentials,Pillsbury Atta With Multigrains Wheat Grains,29500,16,6,24500,5000,FALSE,5
Cooking Essentials,Mother's Recipe Tamarind Paste,5000,2,6,4900,200,FALSE,200
Cooking Essentials,Quaker Oats Breakfast Cereals - With Flavour Mix Nutritious Rich Source Of Energy,4900,8,6,4500,200,FALSE,200
Cooking Essentials,Popular Essentials Cloves (Lavang),7500,17,6,6200,50,FALSE,50
Cooking Essentials,Sunfeast Yippee! Power Up Atta Noodles,9600,15,6,8100,280,FALSE,280
Cooking Essentials,Suhana Paneer Tikka Masala Mix,4000,5,6,3800,50,FALSE,50
Cooking Essentials,24 Mantra Turmeric Powder,3500,2,6,3400,100,FALSE,100
Cooking Essentials,24 Mantra Super Grain Quinoa,19000,0,4,19000,500,FALSE,500
Cooking Essentials,Everest Powder - Egg Curry Masala,4000,2,6,3900,50,FALSE,50
Cooking Essentials,Popular Essentials Pe Shah Jeera,6000,15,6,5100,50,FALSE,50
Cooking Essentials,24 Mantra Organic Sattu Atta,9500,0,6,9500,500,FALSE,500
Cooking Essentials,Smith & Jones Pasta Masala,4600,0,6,4600,54,FALSE,54
Cooking Essentials,Weikfield Vanilla Custard Powder,14200,9,3,12800,500,FALSE,500
Cooking Essentials,Sugarfree Natura Low Calorie Sweetner,30000,10,3,27000,42,FALSE,42
Cooking Essentials,Pillsbury Vanilla Custard Powder,3700,2,6,3600,100,FALSE,100
Cooking Essentials,24 Mantra Organic Rajma,14500,0,6,14500,500,FALSE,500
Cooking Essentials,Popular Essentials Broken Wheat/Daliya,3500,2,6,3400,500,FALSE,500
Cooking Essentials,Zorabian Chicken Smoked Ham,20500,5,1,19400,250,FALSE,250
Cooking Essentials,Smith & Jones Peri Peri Masala,9900,0,6,9900,75,FALSE,75
Cooking Essentials,Saffola Veggie Twist Masala Oats,19500,12,2,17100,500,FALSE,500
Cooking Essentials,Popular Essentials Urad Dal Split (Un-Polished),8500,9,5,7700,500,FALSE,500
Cooking Essentials,Weikfield Baking Powder,2200,0,6,2200,50,FALSE,50
Cooking Essentials,Popular Essentials Bajra Whole,6500,13,6,5600,1000,FALSE,1
Cooking Essentials,Weikfield Veg Jelly Crystals - Strawberry,4500,2,6,4400,90,FALSE,90
Cooking Essentials,Weikfield Veg Jelly Crystals - Raspberry,4500,2,6,4400,90,FALSE,90
Cooking Essentials,Popular Essentials Masoor Dal Split (Un-Polished),7000,10,4,6300,500,FALSE,500
Cooking Essentials,Popular Essentials Ajwain Whole,5000,12,2,4400,100,FALSE,100
Cooking Essentials,Popular Essentials Pista Salted (With Shell),47000,21,5,37100,250,FALSE,250
Cooking Essentials,The Bake Shop Bread Crumbs,5000,6,3,4700,400,FALSE,400
Cooking Essentials,Popular Essentials Horse Gram,4000,10,4,3600,500,FALSE,500
Cooking Essentials,Hershey's Chocolate Syrup,9500,0,4,9500,200,FALSE,200
Cooking Essentials,Godrej Yummiez Chilli Chicken Sausages,16000,10,3,14400,250,FALSE,250
Cooking Essentials,Everest Kasuri Methi,2500,0,6,2500,25,FALSE,25
Cooking Essentials,Satyam Makhana,20800,0,6,20800,100,FALSE,100
Cooking Essentials,Everest Tandoori Chicken Masala,3900,2,5,3800,50,FALSE,50
Cooking Essentials,Weikfield Falooda Mix - Kesar Pista,4900,2,3,4800,200,FALSE,200
Cooking Essentials,Weikfield Cocoa Powder,7000,7,6,6500,50,FALSE,50
Cooking Essentials,Pantai Coconut Cream,15000,4,4,14300,400,FALSE,400
Cooking Essentials,Popular Essentials Coriander Seeds,1500,0,5,1500,50,FALSE,50
Cooking Essentials,Ching's Singapore Curry Instant Noodles,6000,0,4,6000,240,FALSE,240
Cooking Essentials,Eastern Fish Masala,4800,2,5,4700,100,FALSE,100
Cooking Essentials,Pillsbury Atta/Godihittu - Chakki Fresh,27500,0,6,27500,5000,FALSE,5
Cooking Essentials,"Oleev Smart Oil Fortified with VIT A, D, E & K (Pouch)",21500,9,4,19400,1000,FALSE,1
Cooking Essentials,Everest Dry Ginger Powder,7500,9,4,6800,100,FALSE,100
Cooking Essentials,Pillsbury Cooker Cake Mix - Choco,10000,11,6,8900,159,FALSE,159
Cooking Essentials,Hersheys Chocolate Almond Syrup,20000,0,2,20000,450,FALSE,450
Cooking Essentials,Satyam Nighties Spices Chilli Pandi,5600,7,5,5200,100,FALSE,100
Cooking Essentials,Popular Essentials Popular Essential Pista Salted (With Shell),19000,10,6,17100,100,FALSE,100
Cooking Essentials,Godrej Yummiez Chicken Punjabi Tikka,29500,9,6,26600,360,FALSE,360
Cooking Essentials,Popular Essentials Rozana Sona Masuri Raw Rice,35000,10,5,31200,5000,FALSE,5
Cooking Essentials,24 Mantra Mustard Oil (Cold Pressed),35000,10,6,31200,1000,FALSE,1
Cooking Essentials,24 Mantra Organic Black Pepper,17000,7,6,15700,100,FALSE,100
Cooking Essentials,Popular Essentials Green Moong Whole,9000,16,3,7500,500,FALSE,500
Cooking Essentials,24 Mantra Organic Masoor Dal - Split,9500,7,6,8800,500,FALSE,500
Cooking Essentials,Praakritik Organic Natural Rock Salt,6000,6,3,5600,500,FALSE,500
Cooking Essentials,24 Mantra Sunflower Oil (Cold Pressed) Pet Bottle,39000,11,5,34700,1000,FALSE,1
Cooking Essentials,"Ching's Secret Instant Noodles, Hot Garlic",6000,0,4,6000,240,FALSE,240
Cooking Essentials,Saffola Everyday Peppy Tomato Masala Oats,19500,12,6,17100,500,FALSE,500
Cooking Essentials,Dabur 100% Pure Honey - Worlds No.1,43000,10,6,38700,1000,FALSE,1
Cooking Essentials,Popular Essentials Star Anise,7000,10,5,6300,25,FALSE,25
Cooking Essentials,Ching's Secret Chicken 65 Masala - Chicken,1000,0,5,1000,20,FALSE,20
Cooking Essentials,Cadbury Cocoa Powder,22300,5,6,21100,150,FALSE,150
Cooking Essentials,Praakritik Natural Desi Gir Cow A2 Ghee,145000,10,6,130500,540,FALSE,540
Cooking Essentials,Praakritik Organic Poha,12000,6,5,11200,500,FALSE,500
Cooking Essentials,Praakritik Organic Natural Wild Forest Honey,16000,6,4,15000,200,FALSE,200
Cooking Essentials,Popular Essentials Dry Dates (Kharak),14000,15,6,11800,250,FALSE,250
Cooking Essentials,Popular Essentials Kashmiri Red Rajma,9500,6,4,8900,500,FALSE,500
Cooking Essentials,Dabur Hommade - Garlic Paste,5000,6,6,4700,200,FALSE,200
Cooking Essentials,Dabur 100% Pure Honey,33000,10,1,29700,400,FALSE,400
Cooking Essentials,Ching's Schezwan Fried Rice(Miracle Masala),4400,0,5,4400,60,FALSE,60
Cooking Essentials,"""Maggi Magic Cubes, Vegetarian Masala""",3500,2,1,3400,40,FALSE,40
Cooking Essentials,Everest Tandoori Chicken Masala,7400,9,3,6700,100,FALSE,100
Cooking Essentials,Popular Essentials Red Poha,4500,4,6,4300,500,FALSE,500
Cooking Essentials,Everest Kitchen King Masala,14200,9,6,12800,200,FALSE,200
Cooking Essentials,Pillsbury Oven Cake Mix - Rich Chocolate,16500,10,5,14700,285,FALSE,285
Cooking Essentials,Eastern Super Garam Masala,7400,6,2,6900,200,FALSE,200
Cooking Essentials,Maggi Magic Cubes Extra Chicken,4000,2,6,3900,48,FALSE,48
Cooking Essentials,Satyam Nighties Spices Chilli Kashmiri,10200,6,6,9500,100,FALSE,100
Cooking Essentials,Eastern Cumin Powder,4900,2,6,4800,100,FALSE,100
Cooking Essentials,Popular Essentials Urad Gola White(Un-Polished),9000,10,6,8100,500,FALSE,500
Cooking Essentials,24 Mantra Organic Chana Dal,9500,6,5,8900,500,FALSE,500
Cooking Essentials,Delight Nuts Cashew Roasted & Salted,42500,20,6,34000,200,FALSE,200
Cooking Essentials,Popular Essentials Mace/Javitri,9000,10,3,8100,20,FALSE,20
Cooking Essentials,Dlicia Whip Topping Bottle,23500,27,5,17100,1000,FALSE,1
Cooking Essentials,Mother's Recipe Paste Ginger & Garlic,7600,10,4,6800,300,FALSE,300
Cooking Essentials,24 Mantra Groundnut Oil (Cold Pressed) Pet Bottle,41000,10,6,36900,1000,FALSE,1
Cooking Essentials,Satyam Pulses Masur Dal,8700,6,6,8100,500,FALSE,500
Cooking Essentials,Delight Nuts Pista Roasted & Salted,42500,20,6,34000,200,FALSE,200
Cooking Essentials,"Top Ramen Noodles, Atta",8000,0,1,8000,280,FALSE,280
Cooking Essentials,Hershey's Cocoa Powder,9500,0,5,9500,70,FALSE,70
Cooking Essentials,Praakritik Organic Singhara Atta,24000,6,4,22500,500,FALSE,500
Cooking Essentials,Gits Veg Biryani Ready to Eat,11000,10,6,9900,265,FALSE,265
Cooking Essentials,Delight Nuts Cranberries Sliced,29900,20,6,23900,200,FALSE,200
Cooking Essentials,Borges Durum Wheat Pasta Superior Quality,25000,40,6,14900,500,FALSE,500
Cooking Essentials,Ceres Foods Laal Maas Instant Liquid Masala,22000,50,5,11000,200,FALSE,200
Cooking Essentials,Popular Essentials Sattu Atta,9000,12,3,7900,500,FALSE,500
Cooking Essentials,Popular Essentials Mustard Seeds Rai Yellow,2500,0,5,2500,100,FALSE,100
Cooking Essentials,Praakritik Organic Extra Virgin Coconut Oil,15000,10,5,13400,100,FALSE,100
Cooking Essentials,Praakritik Organic Garlic Powder,11000,1,5,10800,100,FALSE,100
Cooking Essentials,Sugarfree Gold Low Calorie Sweetner,12500,5,6,11800,100,FALSE,100
Cooking Essentials,Aashirvaad Breakfast Instant Mix - Rice Idli,7500,30,6,5200,200,FALSE,200
Cooking Essentials,Kitchens Of India Mutter Paneer,13000,4,6,12400,285,FALSE,285
Cooking Essentials,Ching's Secret Veg Manchurian Masala,4400,0,6,4400,60,FALSE,60
Cooking Essentials,Popular Essentials Jowa Flour,5000,2,5,4900,500,FALSE,500
Cooking Essentials,Everest Shahi Biryani Masala,24500,0,6,24500,200,FALSE,200
Cooking Essentials,Popular Essentials Black Til,5000,6,4,4700,100,FALSE,100
Cooking Essentials,Popular Essentials Pancharatna Dal,8000,10,6,7200,500,FALSE,500
Cooking Essentials,Saffola 100% Pure Honey,47500,8,2,43700,1000,FALSE,750
Cooking Essentials,Popular Essentials Tamarind,15000,14,6,12800,500,FALSE,500
Cooking Essentials,Gits Rice Dosa Instant Breakfast Mix,6000,5,5,5700,200,FALSE,200
Cooking Essentials,Popular Essentials Poppy Seeds (Gasagase),28000,7,6,26000,100,FALSE,100
Cooking Essentials,Hershey's Hot Chocolate Powder,21000,0,4,21000,250,FALSE,250
Cooking Essentials,Borges Farfalle Durum Wheat Pasta,25000,0,5,25000,500,FALSE,500
Cooking Essentials,Satyam Chilli Bedgi,8200,10,5,7300,100,FALSE,100
Cooking Essentials,Aashirvaad Instant Mix - Rice Dosa,7500,30,6,5200,200,FALSE,200
Cooking Essentials,Hershey's Cocoa - Natural Unsweetened,27000,10,4,24300,225,FALSE,225
Cooking Essentials,Weikfield Veg Jelly Crystals - Mango,4500,2,6,4400,90,FALSE,90
Cooking Essentials,Praakritik Orrganic Cold Pressed Sesame Oil,13000,10,5,11700,100,FALSE,100
Cooking Essentials,Amulya Dairy Whitener,38000,2,4,37200,1000,FALSE,1
Cooking Essentials,ITC Master Chef Hyderabadi Biryani,7500,30,5,5200,80,FALSE,80
Cooking Essentials,Flying Bird Butter Scotch Essence,5000,2,6,4900,20,FALSE,20
Cooking Essentials,Dabur Hommade - Ginger Paste,5000,6,6,4700,200,FALSE,200
Cooking Essentials,Popular Essentials Green Peas (Un-Polished),12000,10,5,10800,500,FALSE,500
Cooking Essentials,Quaker Oats Pouch,27600,10,6,24800,1500,FALSE,1
Cooking Essentials,24 Mantra Organic Urad White Whole,14500,15,4,12200,500,FALSE,500
Cooking Essentials,Popular Essentials Guntur Chilli Stemless,4000,2,2,3900,100,FALSE,100
Cooking Essentials,Popular Essentials Moth Whole,9000,10,6,8100,500,FALSE,500
Cooking Essentials,Keya Pizza Seasoning,10900,17,6,9000,45,FALSE,45
Cooking Essentials,Keya Piri Piri | Exotic Spices Mix,10900,20,6,8700,80,FALSE,80
Cooking Essentials,24 Mantra Organic Moong Dal,13500,7,6,12500,500,FALSE,500
Cooking Essentials,Betty Crocker French Vanilla Cake Mix,31000,10,6,27600,520,FALSE,520
Cooking Essentials,Delight Nuts Dried Cranberries,34000,20,6,27200,200,FALSE,200
Cooking Essentials,Everest Kesari Milk Masala,20500,0,2,20500,50,FALSE,50
Cooking Essentials,Tong Garden Salted Cocktail Nuts,29500,9,5,26600,160,FALSE,160
Cooking Essentials,MTR Uttapam Mix,16500,5,6,15600,500,FALSE,500
Cooking Essentials,Gits Khaman Dhokla Instant Snack Mix,6500,6,6,6100,180,FALSE,180
Cooking Essentials,Happilo Premium 100% Natural Whole Cashews,33500,29,6,23500,200,FALSE,200
Cooking Essentials,Everest Dry Mango Powder,8000,0,5,8000,100,FALSE,100
Cooking Essentials,Dabur Hommade - Ginger Garlic Past Tub,11000,5,6,10400,400,FALSE,400
Cooking Essentials,Everest Chicken Masala,14700,10,6,13200,200,FALSE,200
Cooking Essentials,Gits Medu Vada Instant Snack Mix,9000,4,6,8600,200,FALSE,200
Cooking Essentials,Weikfield Drinking Chocolate Powder,6500,10,6,5800,100,FALSE,100
Cooking Essentials,Popular Essentials Regular White Lobia,7000,10,6,6300,500,FALSE,500
Cooking Essentials,Puro Healthy Salt Crystal,13500,7,6,12500,1000,FALSE,1
Cooking Essentials,Popular Essentials Premium Jeera Rice,14000,0,5,14000,1000,FALSE,1
Cooking Essentials,Smith & Jones Shahi Paneer Masala Mix,4400,0,6,4400,60,FALSE,60
Cooking Essentials,Betty Crocker Mug Treats - Chocolate Mix - Pack of 4,20000,11,6,17800,264,FALSE,264
Cooking Essentials,Smith & Jones Pasta Masala,6000,10,5,5400,108,FALSE,108
Cooking Essentials,Catch Black Pepper Sprinkler,10000,0,1,10000,50,FALSE,50
Cooking Essentials,Weikfield Cooker Cake Mix - Chocolate,9500,6,6,8900,150,FALSE,150
Cooking Essentials,ITC Master Chef Butter Chicken,7500,30,6,5200,80,FALSE,80
Cooking Essentials,Masala Oats Masala & Coriander,19500,9,5,17600,500,FALSE,500
Cooking Essentials,Smith & Jones Mutter Paneer Masala,4200,0,6,4200,60,FALSE,60
Cooking Essentials,Kitchens of India Dal Bukhara Gravy Mix,11000,30,6,7700,285,FALSE,285
Cooking Essentials,Popular Essentials Fried Gram (Bengal Gram),7000,10,6,6300,500,FALSE,500
Cooking Essentials,Gits Jalebi with Maker Dessert Mix,7500,16,6,6300,100,FALSE,100
Cooking Essentials,Popular Essentials Soya Beans,8000,6,6,7500,500,FALSE,500
Cooking Essentials,24 Mantra Organic Roasted Bengal Gram Dal,10500,7,6,9700,500,FALSE,500
Cooking Essentials,Keya Italian Seasoning,10900,10,6,9800,35,FALSE,35
Cooking Essentials,MTR Idli/Dosa/Chilly Chutney Powder,11500,0,3,11500,200,FALSE,200
Cooking Essentials,Delight Nuts Trail Mix,39900,25,6,29900,200,FALSE,200
Cooking Essentials,Praakritik Organic Chilka Moong Dal,12000,10,6,10800,500,FALSE,500
Cooking Essentials,Smith & Jones Garlic & Herbs Masala Mix,9900,0,6,9900,75,FALSE,75
Cooking Essentials,Eastern Tamarind,6300,0,6,6300,200,FALSE,200
Cooking Essentials,Tong Garden Wasabi Coated Greenpeas Tin,20000,11,6,17800,180,FALSE,180
Cooking Essentials,Flying Bird Pineapple Artifical Food Essence,5000,2,6,4900,20,FALSE,20
Cooking Essentials,Mother's Recipe Tamarind Paste,5000,2,2,4900,200,FALSE,200
Cooking Essentials,Japanese Choice Udon Noodles,29500,9,6,26600,250,FALSE,250
Cooking Essentials,Pantai Coconut Milk,15000,0,4,15000,400,FALSE,400
Cooking Essentials,Praakritik Organic Masoor Dal,13000,10,6,11600,500,FALSE,500
Cooking Essentials,Popular Essentials Classic Sona Masuri Rice,43000,10,6,38700,5000,FALSE,5
Cooking Essentials,Popular Essentials Salted Murmure,7000,18,6,5700,400,FALSE,400
Cooking Essentials,Oleev Active Oil (Pouch),26500,9,6,23900,1000,FALSE,1
Cooking Essentials,Delight Nuts Dried Blueberries,54000,20,6,43200,150,FALSE,150
Cooking Essentials,Popular Essentials Double Beans White,6000,10,6,5400,250,FALSE,250
Cooking Essentials,Delight Nuts Almond Natural,34900,20,6,27900,200,FALSE,200
Cooking Essentials,Praakritik Organic Jaggery,16000,6,6,15000,900,FALSE,900
Cooking Essentials,Praakritik Organic Raw Sugar,9000,6,6,8400,500,FALSE,500
Cooking Essentials,MTR Masala - Sambar Powder,11500,0,4,11500,200,FALSE,200
Cooking Essentials,RRO Til Dil Premium Til Oil Bottle,17300,6,6,16200,500,FALSE,500
Cooking Essentials,ITC Master Chef Vegetable Biryani Cooking Paste,7500,30,5,5200,80,FALSE,80
Cooking Essentials,Jivana Jaggery,10000,0,2,10000,950,FALSE,950
Cooking Essentials,Praakritik Organic Besan,17000,6,6,15900,500,FALSE,500
Cooking Essentials,MTR Instant Gulab Jamun Mix,19500,9,6,17600,500,FALSE,500
Cooking Essentials,Maggi Magic Cubes Extra Chicken,19900,0,2,19900,240,FALSE,240
Cooking Essentials,On1y Mixed Herbs,9900,0,6,9900,14,FALSE,14
Cooking Essentials,Popular Essentials Urad Gola Black (Un-Polished),8000,10,6,7200,500,FALSE,500
Cooking Essentials,Gits Dessert Mix China Grass Bombay Halwa,5500,0,4,5500,80,FALSE,80
Cooking Essentials,Praakritik Organic Basmati Rice,17000,0,5,17000,500,FALSE,500
Cooking Essentials,Ceres Foods Nalli Nihari Instant Liquid Masala,22000,50,6,11000,200,FALSE,200
Cooking Essentials,Borges Canola Oil Pet Bottle,39900,0,6,39900,1000,FALSE,1
Cooking Essentials,Suhana Biryani Masala,6600,0,6,6600,50,FALSE,50
Cooking Essentials,On1y Black Salt Grinder,9900,0,6,9900,100,FALSE,100
Cooking Essentials,Popular Essentials Nylon Til,4000,2,6,3900,100,FALSE,100
Cooking Essentials,Pillsbury Rich Choco Oven Cake Mix - Egg Free,17000,6,6,15900,270,FALSE,270
Cooking Essentials,Weikfield Tomato Salsa Instant Pasta,2500,0,1,2500,77,FALSE,77
Cooking Essentials,Praakritik Organic Jowar Atta,11000,6,6,10300,500,FALSE,500
Cooking Essentials,Sugarfree Gold Low Calorie Sweetner,27000,7,6,25100,50,FALSE,50
Cooking Essentials,Epicurea Thai Jasmine Rice,29500,0,4,29500,500,FALSE,500
Cooking Essentials,Yummiez Chicken Garlic Fingers Pouch,25000,0,5,25000,400,FALSE,400
Cooking Essentials,RRO Primio Refined Groundnut (Jar),49000,11,6,43600,2000,FALSE,2
Cooking Essentials,Praakritik Organic Tuvar Dal,14000,0,6,14000,500,FALSE,500
Cooking Essentials,Sugarfree Gold Low Calorie Sweetner,18500,5,3,17500,300,FALSE,300
Cooking Essentials,Cantina Beans Mexican Beans,25000,14,6,21300,410,FALSE,410
Cooking Essentials,Pillsbury Oven Cake Mix - Vanilla,17500,10,6,15600,225,FALSE,225
Cooking Essentials,Hershey's Chocolate Milk Booster,20000,0,6,20000,450,FALSE,450
Cooking Essentials,Popular Essentials Byadagi Chilli Stemless,8000,0,6,8000,100,FALSE,100
Cooking Essentials,Suhana Spice Mix - Chicken Biryani,6600,0,6,6600,50,FALSE,50
Cooking Essentials,Praakritik Organic Yellow Moon Dal,13500,0,6,13500,500,FALSE,500
Cooking Essentials,Maggi Magic Cubes Extra Chicken,19900,10,6,17900,240,FALSE,240
Cooking Essentials,Dhara Filtered Groundnut Oil (Jar),105000,0,2,105000,5000,FALSE,5
Cooking Essentials,24 Mantra Sona Masuri Brown Rice,47500,10,6,42300,5000,FALSE,5
Cooking Essentials,24 Mantra Organic Pancharatna Dal - Split,13000,7,6,12000,500,FALSE,500
Cooking Essentials,24 Mantra Organic Cumin Powder,7000,0,6,7000,100,FALSE,100
Cooking Essentials,Popular Essentials Samba Broken Wheat,10000,11,6,8900,500,FALSE,500
Cooking Essentials,Betty Crocker Chocolate Fudge Cake Mix,29500,0,6,29500,475,FALSE,475
Cooking Essentials,Borges Extra Light Olive Oil Bottle,260000,46,6,139900,2000,FALSE,2
Cooking Essentials,Flying Bird Premium Orange Artificial Food Essence,6000,0,6,6000,20,FALSE,20
Cooking Essentials,Popular Essentials Red Cherry/Gundu Chilli,9500,0,6,9500,100,FALSE,100
Cooking Essentials,Super Saver Kolam Rice Sortex Clean,70000,10,3,63000,5000,FALSE,5
Cooking Essentials,Flying Bird Food Essence - Kewra,5000,0,6,5000,20,FALSE,20
Cooking Essentials,MTR Vada Breakfast,20000,0,1,20000,500,FALSE,500
Cooking Essentials,On1y Pasta Seasoning,9900,0,6,9900,30,FALSE,30
Cooking Essentials,Praakritik Organic Indrayani Rice,7000,0,6,7000,500,FALSE,500
Cooking Essentials,On1y Pizza Seasoning,9900,0,6,9900,28,FALSE,28
Cooking Essentials,Kitchens of India Mutter Paneer Mix,12000,30,4,8400,285,FALSE,285
Cooking Essentials,Aashirvaad Svasti Cow Ghee Tetra Pack,29500,0,6,29500,500,FALSE,500
Cooking Essentials,Weikfield Cooker Cake Mix - Vanilla,9500,0,6,9500,150,FALSE,150
Cooking Essentials,Praakritik Organic Kapli Wheat Atta,16500,10,6,14700,1000,FALSE,1
Cooking Essentials,Epicurea Sushi Rice,29500,0,6,29500,500,FALSE,500
Cooking Essentials,Sugarfree Natural Green Stevia Leaves Zero Calorie,7500,0,2,7500,100,FALSE,100
Cooking Essentials,Smith & Jones Italian Spices Masala Mix,9900,0,6,9900,75,FALSE,75
Cooking Essentials,Satyam Nighties Spices Chilli Bore,8900,10,6,8000,100,FALSE,100
Cooking Essentials,Weikfield Veg Jelly Crystals - Orange,4500,2,6,4400,90,FALSE,90
Cooking Essentials,Praakritik Organic Jumbo Rolled Oats,19000,11,6,16900,500,FALSE,500
Cooking Essentials,On1y Sea Salt Grinder,8900,0,6,8900,100,FALSE,100
Cooking Essentials,Delight Nuts Berries Mix,39900,20,6,31900,200,FALSE,200
Cooking Essentials,Everest Kesari Milk Masala,20500,0,6,20500,50,FALSE,20
Cooking Essentials,Praakritik Organic Ginger Powder,13900,10,6,12500,100,FALSE,100
Cooking Essentials,Suhana Mutton Gravy Mix,4500,0,4,4500,80,FALSE,80
Cooking Essentials,On1y Salad Seasoning Grinder,13900,0,6,13900,45,FALSE,45
Cooking Essentials,Figaro Pure Olive Oil,32500,8,1,29900,200,FALSE,200
Cooking Essentials,Madhur Sugar,6000,6,0,5600,1000,TRUE,1
Cooking Essentials,Amul Fresh Cream,6300,0,0,6300,250,TRUE,250
Cooking Essentials,Madhur Pure And Hygienic Sugar,29500,9,0,26600,5000,TRUE,5
Cooking Essentials,Satyam Poha Jada,3500,8,0,3200,500,TRUE,500
Cooking Essentials,Aashirvaad Superior MP Whole Wheat Atta,5300,1,0,5200,1000,TRUE,1
Cooking Essentials,Fortune Soyabean Oil,21000,13,0,18100,1000,TRUE,1
Cooking Essentials,Maggi Masala Ae Magic,5800,6,0,5400,72,TRUE,72
Cooking Essentials,Aashirvaad Iodised Salt,2200,13,0,1900,1000,TRUE,1
Cooking Essentials,Maggi 2-Minute Instant Noodles - Masala,4400,0,0,4400,280,TRUE,280
Cooking Essentials,Popular Essentials Phool Makhana (Jumbo Size),15000,14,0,12800,100,TRUE,100
Cooking Essentials,Aashirvaad Atta With Mutigrains,31500,8,0,28700,5000,TRUE,5
Cooking Essentials,Tata Sampann Poha,4400,6,0,4100,500,TRUE,500
Cooking Essentials,Fortune Besan Flour,12000,0,0,12000,1000,TRUE,1
Cooking Essentials,Popular Essentials Toor Dal (Un-Polished),8000,7,0,7400,500,TRUE,500
Cooking Essentials,Everest Tikhalal Hot & Red Chilly Powder,4700,2,0,4600,100,TRUE,100
Cooking Essentials,Popular Essentials Chia Seeds,5000,2,0,4900,100,TRUE,100
Cooking Essentials,Tata Sampann Unpolished Toor Dal/Arhar Dal,17900,1,0,17700,1000,TRUE,200
Cooking Essentials,Everest Coriander Powder,3200,3,0,3100,100,TRUE,100
Cooking Essentials,Satyam Thin Poha Patla,3800,7,0,3500,500,TRUE,500
Cooking Essentials,Popular Essentials Sona Masouri Raw Rice,7500,0,0,7500,1000,TRUE,1
Cooking Essentials,Tata Sampann High Protien Chana Dal - Split,6400,0,0,6400,500,TRUE,500
Cooking Essentials,Satyam Singdana,11900,6,0,11100,500,TRUE,500
Cooking Essentials,Tata Sampann Moong Chilka,8800,6,0,8200,500,TRUE,500
Cooking Essentials,Tata Sampann High Protien Toor Dal - Split,9100,2,0,8900,500,TRUE,500
Cooking Essentials,Ching's Chow Mein Hakka Noodles Masala,1000,0,0,1000,20,TRUE,20
Cooking Essentials,Everest Chat Masala,6500,9,0,5900,100,TRUE,100
Cooking Essentials,Popular Essentials Black Brown Chana (Un-Polished),5500,9,0,5000,500,TRUE,500
Cooking Essentials,Dabur Ginger Garlic Paste,5000,6,0,4700,200,TRUE,200
Cooking Essentials,Ching's Secret Veg Hakka Noodles,10700,0,0,10700,600,TRUE,600
Cooking Essentials,Saffola Oats 100 % Natural,1500,0,0,1500,38,TRUE,38
Cooking Essentials,Everest Kashmiri Lal Chilli Powder,31000,10,0,27900,500,TRUE,500
Cooking Essentials,Popular Essentials Black Raisins Seedless,6000,10,0,5400,100,TRUE,100
Cooking Essentials,Daawat Rozana Super Basmati Rice,7900,0,0,7900,1000,TRUE,1
Cooking Essentials,Everest Cumin Powder (Jeera),3000,3,0,2900,50,TRUE,50
Cooking Essentials,Everest Sambhar Masala,3400,2,0,3300,50,TRUE,50
Cooking Essentials,Maggi Chilly Chow Cuppa Noodles,5000,0,0,5000,70,TRUE,70
Cooking Essentials,Popular Essentials Mustard Seeds Rai Big,2000,0,0,2000,100,TRUE,100
Cooking Essentials,Patanjali Cow's Ghee,56500,0,0,56500,1000,TRUE,1
Cooking Essentials,Everest Amchur Powder,4200,2,0,4100,50,TRUE,50
Cooking Essentials,Daawat Super Basmati Rice,18500,8,0,16900,1000,TRUE,1
Cooking Essentials,Popular Essentials Sabudana,6000,10,0,5400,500,TRUE,500
Cooking Essentials,Popular Essentials Brown Sugar,4000,0,0,4000,500,TRUE,500
Cooking Essentials,Everest Coriander Powder,7000,10,0,6300,200,TRUE,200
Cooking Essentials,Sunfeast Yippee! Magic Masala Noodles,4800,6,0,4500,240,TRUE,240
Cooking Essentials,Tata Tea Gold,3500,0,0,3500,100,TRUE,200
Cooking Essentials,Daawat Rozana Gold Basmati Rice,9000,1,0,8900,1000,TRUE,1
Cooking Essentials,Top Ramen Masala,9100,9,0,8200,560,TRUE,560
Cooking Essentials,Everest Turmeric Powder,6700,10,0,6000,200,TRUE,200
Cooking Essentials,Popular Essentials Buckwheat Flour (Kuttu Atta),12500,9,0,11300,500,TRUE,500
Cooking Essentials,Keya Italian Pizza Oregano,10900,11,0,9700,80,TRUE,80
Cooking Essentials,Chef's Basket Durum Wheat Penne Pasta,16000,50,0,8000,500,TRUE,500
Cooking Essentials,Tata Sampann Kala Chana,12500,0,0,12500,1000,TRUE,1
Cooking Essentials,India Gate Basmati Rice,21000,0,0,21000,1000,TRUE,1
Cooking Essentials,24 Mantra Organic Whole Wheat Atta,6400,7,0,5900,1000,TRUE,1
Cooking Essentials,Zorabian Chicken Kheema Parathas,19000,0,0,19000,300,TRUE,300
Cooking Essentials,Sunfeast Pasta Treat Pack of Tomato Cheese,2800,17,0,2300,65,TRUE,65
Cooking Essentials,Sugarlite 50% Less Calories Sugar Pouch,9900,40,0,5900,500,TRUE,500
Cooking Essentials,Popular Essentials Sabja/Basil Seeds,6000,15,0,5100,100,TRUE,100
Cooking Essentials,Patanjali Pure Honey,9500,0,0,9500,250,TRUE,250
Cooking Essentials,Weikfield Falooda Mix - Mango,4900,2,0,4800,200,TRUE,200
Cooking Essentials,Pro Nature Organic Sonamasoori Brown Rice,10200,7,0,9400,1000,TRUE,1
Cooking Essentials,Maggi Special Masala Spicy Yummy Noodles,7200,0,0,7200,280,TRUE,280
Cooking Essentials,Godrej Yummiez Chicken Breakfast Salami,15000,4,0,14300,250,TRUE,250
Cooking Essentials,Everest Saffron Kesar,12000,0,0,12000,1,TRUE,0
Munchies,Maggi 2 Minute Masala Noodles,1200,0,6,1200,70,FALSE,70
Munchies,iD Idli & Dosa Batter,8000,15,6,6800,1000,FALSE,1
Munchies,Tata Salt,2400,0,6,2400,1000,FALSE,1
Munchies,Arden Eggs White,9700,0,4,9700,696,FALSE,12
Munchies,Arden Eggs White,6500,15,4,5500,348,FALSE,6
Munchies,Fortune Sunlite Refined Sunflower (Pouch),23000,4,6,21900,1000,FALSE,1
Munchies,Aashirvaad Superior MP Atta,25000,2,6,24500,5000,FALSE,5
Munchies,Amul Pure Ghee (Pouch),25500,2,6,24900,500,FALSE,500
Munchies,Arden Eggs Brown,8500,7,4,7900,348,FALSE,6
Munchies,Tata Salt Lite,4000,10,6,3600,1000,FALSE,1
Munchies,Saffola Gold Oil (Pouch),21500,0,6,21500,1000,FALSE,1
Munchies,Fortune Sunlite Refined Sunflower (Jar),92500,0,6,92500,5000,FALSE,5
Munchies,Fortune Rice Bran (Pouch),22500,11,6,19900,1000,FALSE,1
Munchies,Saffola Active Oil,21000,0,6,21000,1000,FALSE,1
Munchies,Amul Pure Ghee (Pouch),50500,1,2,49900,1000,FALSE,1
Munchies,Aashirvaad Atta,46000,13,6,39900,10000,FALSE,10
Munchies,Popular Essentials Toor Dal (Un-Polished),16000,6,4,14900,1000,FALSE,1
Munchies,Amul Ghee (Tin),52000,2,6,50900,1000,FALSE,1
Munchies,Amul Fresh Cream,19700,3,3,19100,1000,FALSE,1
Munchies,Popular Essentials Pure Jaggery,5000,2,6,4900,450,FALSE,450
Munchies,Aashirvaad Multigrain Atta,6400,3,2,6200,1000,FALSE,1
Munchies,Fortune Soyabean Oil,100500,0,6,99900,5000,FALSE,5
Munchies,Popular Essentials Sunflower Seeds,2500,0,6,2500,50,FALSE,50
Munchies,Tata Sampann kabuli chana,18500,1,4,18300,1000,FALSE,500
Munchies,Dhara Groundnut Oil (Pouch),23000,11,6,20300,1000,FALSE,1
Munchies,Dhara Health Refined Sun Flower Oil Jar,120000,18,6,98400,5000,FALSE,5
Munchies,24 Mantra Organic Jaggery Powder,8000,15,6,6800,500,FALSE,500
Munchies,Tata Sampann High Protien Kabuli Chana,9400,0,1,9400,500,FALSE,500
Munchies,Dhara Kachi Ghani Mustard Oil Jar,125000,8,6,114300,5000,FALSE,5
Munchies,D'lecta Dairy Cream,5400,5,6,5100,200,FALSE,200
Munchies,Ching's Secret Instant Hot Garlic Noodles,1500,0,3,1500,60,FALSE,60
Munchies,Dabur Ginger Garlic Paste,2500,8,3,2300,100,FALSE,100
Munchies,Ching's Secret Instant Schezwan Noodles,1500,0,6,1500,60,FALSE,60
Munchies,Gowardhan Ghee/Tuppa Jar,31500,1,6,30900,500,FALSE,500
Munchies,Tata Sampann Unpolished Moong Dal,9200,4,4,8800,500,FALSE,500
Munchies,Aashirvaad Select Atta,6400,0,6,6400,1000,FALSE,1
Munchies,Popular Essentials Misri Dana (Diamond Sugar),1500,0,4,1500,100,FALSE,100
Munchies,Gowardhan Ghee Jar,59800,3,6,57900,1000,FALSE,1
Munchies,Top Ramen Noodles Curry Veg Pouch,2000,0,1,2000,70,FALSE,70
Munchies,Popular Essentials Refined Sugar,6000,0,6,6000,1000,FALSE,1
Munchies,Fortune Kachi Ghani Mustard Oil Bottle,21600,7,6,19900,1000,FALSE,1
Munchies,Saffola Veggie Twist Masala Oats,1500,0,6,1500,38,FALSE,38
Munchies,Satyam Puffed Rice Kurmura (R),2300,0,6,2300,200,FALSE,200
Munchies,Quaker Oats,7900,0,2,7900,400,FALSE,400
Munchies,Aashirvaad Select Sharbati Atta,31500,10,6,28300,5000,FALSE,5
Munchies,Popular Essentials Refined Sugar,29500,10,6,26500,5000,FALSE,5
Munchies,Gowardhan Cow Ghee Pouch,57900,10,6,52100,1000,FALSE,1
Munchies,Dhara Nourish Refined Sunflower Oil Pouch,21000,5,6,19900,1000,FALSE,1
Munchies,Parachute Oil,4000,7,3,3700,100,FALSE,100
Munchies,Popular Essentials Plain Puffed Rice (Murmura/Muri),1800,0,6,1800,100,FALSE,100
Munchies,Amul Mithai Mate Condensed Sweetened Milk,5600,3,4,5400,200,FALSE,200
Munchies,Saffola Gold (Jar),124000,0,6,124000,5000,FALSE,5
Munchies,McCain New Mini Samosa with Cheese Pizza Style Filling,12000,1,3,11800,240,FALSE,240
Munchies,Fortune Rice Bran Health Oil (Jar),105000,1,6,103900,5000,FALSE,5
Munchies,Arden Desi Eggs,11000,13,4,9500,348,FALSE,6
Munchies,Fortune Rozana Basmati Rice,58500,21,6,46200,5000,FALSE,5
Munchies,Fortune Biriyani Special Basmati Rice,17500,0,5,17500,1000,FALSE,1
Munchies,Everest Garam Masala,7800,7,5,7200,100,FALSE,100
Munchies,Popular Essentials Pumpkin Seeds,9000,16,6,7500,100,FALSE,100
Munchies,Fortune Soya Health Refined Soybean Oil,21000,1,2,20600,1000,FALSE,1
Munchies,Gowardhan Pure Ghee Pouch,29500,4,6,28100,500,FALSE,500
Munchies,Popular Essentials Jeera/Cumin Seeds,4000,5,3,3800,100,FALSE,100
Munchies,Weikfield Baking Soda,3000,3,6,2900,100,FALSE,100
Munchies,Everest Pav Bhaji Masala,3700,10,4,3300,50,FALSE,50
Munchies,Tata Sampann Unpolished Chana Dal,9500,6,2,8900,1000,FALSE,500
Munchies,Amul Mithai Mate EOE Tin,11200,2,6,10900,400,FALSE,400
Munchies,Pillsbury Chakki Fresh Atta,45000,16,6,37500,10000,FALSE,10
Munchies,Everest Chicken Masala,3900,2,1,3800,50,FALSE,50
Munchies,Dhara Life Refined Ricebran Oil (Pouch),20500,7,6,19000,1000,FALSE,1
Munchies,Borges Extra Virgin Olive Oil,40000,25,1,29900,250,FALSE,250
Munchies,Everest Shahi Biryani Masala,7000,14,6,6000,50,FALSE,50
Munchies,Popular Essentials Californian Almond,35000,28,6,25100,250,FALSE,250
Munchies,Popular Essentials Ajwain Whole,2500,0,4,2500,50,FALSE,50
Munchies,Everest Tikhalal Chilli Powder,23500,9,6,21200,500,FALSE,500
Munchies,Popular Essentials Kabuli Chana Regular,8500,9,6,7700,500,FALSE,500
Munchies,Pillsbury Chakki Fresh Atta,5200,0,4,5200,1000,FALSE,1
Munchies,Popular Essentials Saunf/Fennel Seeds,4500,2,6,4400,100,FALSE,100
Munchies,Popular Essentials Bansi Sooji,3500,2,3,3400,500,FALSE,500
Munchies,Happilo Premium International Queen Kalmi Dates,24500,29,6,17200,200,FALSE,200
Munchies,Tata Sampann Unpolished Urad Whole,10100,6,4,9400,500,FALSE,500
Munchies,Popular Essentials Cashew Split,32500,12,6,28300,250,FALSE,250
Munchies,Popular Essentials Chana Dal (Un-Polished),6000,10,6,5400,500,FALSE,500
Munchies,Tata Sampann Unpolished Rajma (Chitra),13400,6,6,12500,500,FALSE,500
Munchies,Everest Garam Masala,4200,2,2,4100,50,FALSE,50
Munchies,Everest Kitchen King Masala,7000,14,2,6000,100,FALSE,100
Munchies,24 Mantra Organic Cumin,7000,7,2,6500,100,FALSE,100
Munchies,Nestle Milkmaid,13200,3,6,12800,400,FALSE,400
Munchies,Popular Essentials Sona Masouri Steam Rice,6500,9,6,5900,1000,FALSE,1
Munchies,24 Mantra Organic Tur Dal,26000,20,6,20800,1000,FALSE,1
Munchies,Gits Gulab Jamun Instant Dessert Mix,9900,10,6,8900,200,FALSE,200
Munchies,Popular Essentials Black Masoor Whole (Un-Polished),6500,10,3,5800,500,FALSE,500
Munchies,24 Mantra Organic Peanuts,13500,7,1,12500,500,FALSE,500
Munchies,Everest Hingraj Powder,9000,10,2,8100,50,FALSE,50
Munchies,Everest Black Pepper Powder,13500,14,6,11500,100,FALSE,100
Munchies,Tata Sampann Masoor Dal Stand,15000,10,4,13400,1000,FALSE,1
Munchies,24 Mantra Organic Besan,9500,7,5,8800,500,FALSE,500
Munchies,Quaker Oats,19900,7,6,18400,1000,FALSE,1
Munchies,Saffola Gold Refined Cooking Oil (Jar),48500,7,6,44900,2000,FALSE,2
Munchies,Nestle Everyday Dairy Whitener,21000,0,4,21000,400,FALSE,400
Munchies,24 Mantra Organic Red Poha,7500,8,1,6900,500,FALSE,500
Munchies,Everest Powder - Tea Masala,9800,9,5,8900,100,FALSE,100
Munchies,Tata Sampann Urad Dal Split,9400,4,6,9000,500,FALSE,500
Munchies,Popular Essentials Idli Sooji,3000,6,6,2800,500,FALSE,500
Munchies,Popular Essentials Dessicated Coconut,9500,9,6,8600,200,FALSE,200
Munchies,Sunfeast Yippee! Mood Masala Noodles,6000,28,3,4300,260,FALSE,260
Munchies,Chef's Basket Durum Wheat Elbow Pasta,16000,50,6,8000,500,FALSE,500
Munchies,MTR Breakfast Khatta Meetha Poha Mix,2500,20,6,2000,60,FALSE,60
Munchies,Satyam Khobra,11300,10,5,10100,200,FALSE,200
Munchies,Betty Crocker Complete Pancake Mix Original,11000,4,6,10500,250,FALSE,500
Munchies,Borges Durum Wheat Fusilli Pasta,25000,0,3,25000,500,FALSE,500
Munchies,24 Mantra Organic Green Moong Dal - Split,13500,0,2,13500,500,FALSE,500
Munchies,Weikfield Vanilla Flavoured Custard Powder,3700,0,6,3700,100,FALSE,100
Munchies,Tata Sampann Moong Dal Split,18000,1,5,17800,1000,FALSE,200
Munchies,Tata Sampann Kala Chana,6400,0,5,6400,500,FALSE,500
Munchies,Saffola Soya Chunks Mealmaker,5000,0,2,5000,200,FALSE,200
Munchies,24 Mantra Bura Sugar (Demerara),8000,10,6,7200,500,FALSE,500
Munchies,Popular Essentials Green Cardamom (Elaichi),20000,1,6,19800,50,FALSE,50
Munchies,Hershey's Syrup Delicious Strawberry,9500,0,1,9500,200,FALSE,200
Munchies,Popular Essentials Anjeer,19000,11,4,16900,100,FALSE,100
Munchies,Popular Essentials Mustard Seeds Rai Small,2000,0,2,2000,100,FALSE,100
Munchies,Weikfield Baking Powder,3300,3,6,3200,100,FALSE,100
Munchies,Dabur Honey Squeezy,18500,9,6,16700,225,FALSE,225
Munchies,Tata Sampann High Protein Kali Urad,9100,14,6,7800,500,FALSE,500
Munchies,Everest Kitchen King Masala,3700,2,6,3600,50,FALSE,50
Munchies,Chef's Basket Durum Wheat Fusilli Pasta,16000,50,6,8000,500,FALSE,500
Munchies,TilSona Til Oil,18000,10,2,16200,500,FALSE,500
Munchies,Top Ramen Chicken Noodles,6000,10,1,5400,280,FALSE,280
Munchies,Everest Chaat Masala,3500,2,1,3400,50,FALSE,50
Munchies,Keya Wonder Red Hot Chilli Flakes,8900,10,2,8000,40,FALSE,40
Munchies,Popular Essentials White Peas (Un-Polished),8000,10,5,7200,500,FALSE,500
Munchies,Chingâ€™s Secret Chowmein Hakka Noodles Masala,4400,0,2,4400,60,FALSE,60
Munchies,Dhara Filtered Groundnut Oil (Jar),105000,1,6,103500,5000,FALSE,5
Munchies,Pillsbury Choco Chip Pancake Mix,9900,5,6,9400,165,FALSE,165
Munchies,Hershey's Caramel Syrup,23000,0,1,23000,623,FALSE,623
Munchies,Pillsbury Multi Grain Atta,6000,6,3,5600,1000,FALSE,1
Munchies,McCain New Mini Samosa with Cheese Corn Style Filling,12000,1,2,11800,240,FALSE,240
Munchies,Satyam Puffed Rice Kurmura (A),4300,0,6,4300,200,FALSE,200
Munchies,MTR 3 Min Poha,2500,0,6,2500,60,FALSE,60
Munchies,Ching's Manchurian Instant Noodles,1500,0,5,1500,60,FALSE,60
Munchies,Everest Pav Bhaji Masala,7000,0,2,7000,100,FALSE,100
Munchies,Hershey's Chocolate Flavour Syrup,22000,6,6,20500,623,FALSE,680
Munchies,Popular Essentials Dhania (Coriander Seeds),5500,16,4,4600,200,FALSE,200
Munchies,24 Mantra Red Chilly Whole,7000,7,1,6500,100,FALSE,100
Munchies,Dabur Honey - World's No.1,12000,0,6,12000,250,FALSE,250
Munchies,24 Mantra Organic Puffed Rice,4000,2,6,3900,200,FALSE,200
Munchies,24 Mantra Organic Wheat Daliya,4800,2,2,4700,500,FALSE,500
Munchies,24 Mantra Organic Ragi Flour,6500,20,4,5200,500,FALSE,500
Munchies,Popular Essentials Cinnamon Whole (Dalchini),3500,5,6,3300,25,FALSE,25
Munchies,Sundrop Super Lite Advanced - Sunflower Oil,21500,0,4,21500,1000,FALSE,1
Munchies,Pillsbury Atta/Godihittu - Chakki Fresh,10200,7,4,9400,2000,FALSE,2
Munchies,Popular Essentials Green Moong Chilka/Chilka (Un-Polished),8500,7,5,7900,500,FALSE,500
Munchies,Popular Essentials HMT Kolam Steam,7500,0,3,7500,1000,FALSE,1
Munchies,Popular Essentials Black Urad Split,8000,10,4,7200,500,FALSE,500
Munchies,Keya Oregano,10900,10,5,9800,9,FALSE,9
Munchies,Popular Essentials Pink Rajma,10000,10,6,9000,500,FALSE,500
Munchies,Everest Chicken Masala,7400,2,6,7200,100,FALSE,100
Munchies,Popular Essentials HMT Kolam Steam,37000,10,6,33300,5000,FALSE,5
Munchies,Everest Shahi Paneer Masala,4200,4,5,4000,50,FALSE,50
Munchies,Godrej Yummiez Chicken Nuggets,32500,9,1,29300,500,FALSE,500
Munchies,Flying Bird Vanilla Essence,3500,2,6,3400,20,FALSE,20
Munchies,Everest Sabji Masala,3000,3,6,2900,50,FALSE,50
Munchies,Popular Essentials Californian Almond,69500,32,6,47000,500,FALSE,500
Munchies,Cornitos Cornitos Taco Shells - 4 Inches,11000,20,6,8800,80,FALSE,80
Munchies,Everest Rajma Masala,3300,3,5,3200,50,FALSE,50
Munchies,Popular Essentials White Til,4000,5,1,3800,100,FALSE,100
Munchies,Amul Dark Compound Chocolate Slab,12500,2,6,12200,500,FALSE,500
Munchies,Mothers Recipe Papad Chana Masala,7900,10,6,7100,200,FALSE,200
Munchies,Ching's Schezwan Masala Instant Noodles,6000,0,1,6000,240,FALSE,240
Munchies,Amul Milk Compound Chocolate Slab,11000,2,6,10700,500,FALSE,500
Munchies,Eastern Chicken Masala,7000,7,3,6500,100,FALSE,100
Munchies,Popular Essentials Methi Seeds,2500,0,5,2500,100,FALSE,100
Munchies,Saffola Yummy Masala Noodles,2000,0,2,2000,46,FALSE,46
Munchies,Cadbury Hot Chocolate,17500,5,6,16600,200,FALSE,200
Munchies,Ching's Chicken Chilli Masala,1000,0,6,1000,20,FALSE,20
Munchies,Dabur Keora water - Authentic flavour for Biryani's and Desserts,6200,6,6,5800,250,FALSE,250
Munchies,Popular Essentials Black Cardamom/Elaichi,10000,10,6,9000,50,FALSE,50
Munchies,Popular Essentials Idli Rice,6000,10,4,5400,1000,FALSE,1
Munchies,Everest Chole Masala,3300,3,1,3200,50,FALSE,50
Munchies,Dabur Hommade Tamarind Paste,4800,6,6,4500,200,FALSE,200
Munchies,"""Maggi Magic Cubes, Vegetarian Masala (Free 2 Cubes Inside)""",3500,2,6,3400,48,FALSE,48
Munchies,Popular Essentials Cooking Soda,3000,10,6,2700,200,FALSE,200
Munchies,RRO Primio Refined Groundnut Oil Pet Bottle,25500,6,2,23900,1000,FALSE,1
Munchies,Everest Pani Puri Masala,3100,3,6,3000,50,FALSE,50
Munchies,Nissin Cup Noodles Tangy Tomato,5000,10,2,4500,70,FALSE,70
Munchies,Ching's Veg Manchurian Masala,1000,0,2,1000,20,FALSE,20
Munchies,Ceres Foods Fish Mustard Instant Liquid Masala,22000,50,6,11000,200,FALSE,200
Munchies,Everest Garam Masala,15800,10,6,14200,200,FALSE,200
Munchies,24 Mantra Organic Jowar Flour,7000,7,6,6500,500,FALSE,500
Munchies,Maggi Coconut Milkpowder,10000,0,6,10000,100,FALSE,100
Munchies,On1y Pepper Grinder,15900,9,1,14400,50,FALSE,50
Munchies,Popular Essentials Rice Flour,6000,0,3,6000,1000,FALSE,1
Munchies,Sunfeast Yippee! Pasta Treat - Sour Cream Onion,2800,10,1,2500,65,FALSE,65
Munchies,24 Mantra Organic Brown Sona Masoori Rice,9500,0,6,9500,1000,FALSE,1
Munchies,Happilo Premium Afghani Anjeer,36500,29,2,25600,200,FALSE,200
Munchies,Popular Essentials Chiroti Sooji,3500,2,6,3400,500,FALSE,500
Munchies,RRO Til Dil Premium Til Oil Bottle,33000,10,5,29400,1000,FALSE,1
Munchies,Popular Essentials Red Rajma,9000,10,6,8100,500,FALSE,500
Munchies,Cornitos Peanut - Premium Salted,12000,10,6,10800,150,FALSE,150
Munchies,Popular Essentials Black Pepper,10000,10,5,9000,100,FALSE,100
Munchies,24 Mantra Organic Tur Dal - Split,13000,7,6,12000,500,FALSE,500
Munchies,Sugarfree Gold Low Calorie Sweetner,6500,6,3,6100,110,FALSE,100
Munchies,Ching's Secret Paneer Chilli Masala,1000,0,2,1000,20,FALSE,20
Munchies,Dabur Honey,22000,7,3,20400,500,FALSE,500
Munchies,Sunfeast Yippee! Pasta Treat - Sour Cream Onion,2800,17,3,2300,65,FALSE,65
Munchies,Everest Tea Masala,5500,9,2,5000,50,FALSE,50
Munchies,Ching's Paneer Chilli Masala,4400,0,4,4400,60,FALSE,60
Munchies,Sunfeast YiPPee! Magic Masala Noodles,7000,10,3,6300,405,FALSE,405
Munchies,Everest Meat Masala Powder,7400,9,3,6700,100,FALSE,100
Munchies,Pillsbury Atta With Multigrains Wheat Grains,29500,16,6,24500,5000,FALSE,5
Munchies,Mother's Recipe Tamarind Paste,5000,2,6,4900,200,FALSE,200
Munchies,Quaker Oats Breakfast Cereals - With Flavour Mix Nutritious Rich Source Of Energy,4900,8,6,4500,200,FALSE,200
Munchies,Popular Essentials Cloves (Lavang),7500,17,6,6200,50,FALSE,50
Munchies,Sunfeast Yippee! Power Up Atta Noodles,9600,15,6,8100,280,FALSE,280
Munchies,Suhana Paneer Tikka Masala Mix,4000,5,6,3800,50,FALSE,50
Munchies,24 Mantra Turmeric Powder,3500,2,6,3400,100,FALSE,100
Munchies,24 Mantra Super Grain Quinoa,19000,0,4,19000,500,FALSE,500
Munchies,Everest Powder - Egg Curry Masala,4000,2,6,3900,50,FALSE,50
Munchies,Popular Essentials Pe Shah Jeera,6000,15,6,5100,50,FALSE,50
Munchies,24 Mantra Organic Sattu Atta,9500,0,6,9500,500,FALSE,500
Munchies,Smith & Jones Pasta Masala,4600,0,6,4600,54,FALSE,54
Munchies,Weikfield Vanilla Custard Powder,14200,9,3,12800,500,FALSE,500
Munchies,Sugarfree Natura Low Calorie Sweetner,30000,10,3,27000,42,FALSE,42
Munchies,Pillsbury Vanilla Custard Powder,3700,2,6,3600,100,FALSE,100
Munchies,24 Mantra Organic Rajma,14500,0,6,14500,500,FALSE,500
Munchies,Popular Essentials Broken Wheat/Daliya,3500,2,6,3400,500,FALSE,500
Munchies,Zorabian Chicken Smoked Ham,20500,5,1,19400,250,FALSE,250
Munchies,Smith & Jones Peri Peri Masala,9900,0,6,9900,75,FALSE,75
Munchies,Saffola Veggie Twist Masala Oats,19500,12,2,17100,500,FALSE,500
Munchies,Popular Essentials Urad Dal Split (Un-Polished),8500,9,5,7700,500,FALSE,500
Munchies,Weikfield Baking Powder,2200,0,6,2200,50,FALSE,50
Munchies,Popular Essentials Bajra Whole,6500,13,6,5600,1000,FALSE,1
Munchies,Weikfield Veg Jelly Crystals - Strawberry,4500,2,6,4400,90,FALSE,90
Munchies,Weikfield Veg Jelly Crystals - Raspberry,4500,2,6,4400,90,FALSE,90
Munchies,Popular Essentials Masoor Dal Split (Un-Polished),7000,10,4,6300,500,FALSE,500
Munchies,Popular Essentials Ajwain Whole,5000,12,2,4400,100,FALSE,100
Munchies,Popular Essentials Pista Salted (With Shell),47000,21,5,37100,250,FALSE,250
Munchies,The Bake Shop Bread Crumbs,5000,6,3,4700,400,FALSE,400
Munchies,Popular Essentials Horse Gram,4000,10,4,3600,500,FALSE,500
Munchies,Hershey's Chocolate Syrup,9500,0,4,9500,200,FALSE,200
Munchies,Godrej Yummiez Chilli Chicken Sausages,16000,10,3,14400,250,FALSE,250
Munchies,Everest Kasuri Methi,2500,0,6,2500,25,FALSE,25
Munchies,Satyam Makhana,20800,0,6,20800,100,FALSE,100
Munchies,Everest Tandoori Chicken Masala,3900,2,5,3800,50,FALSE,50
Munchies,Weikfield Falooda Mix - Kesar Pista,4900,2,3,4800,200,FALSE,200
Munchies,Weikfield Cocoa Powder,7000,7,6,6500,50,FALSE,50
Munchies,Pantai Coconut Cream,15000,4,4,14300,400,FALSE,400
Munchies,Popular Essentials Coriander Seeds,1500,0,5,1500,50,FALSE,50
Munchies,Ching's Singapore Curry Instant Noodles,6000,0,4,6000,240,FALSE,240
Munchies,Eastern Fish Masala,4800,2,5,4700,100,FALSE,100
Munchies,Pillsbury Atta/Godihittu - Chakki Fresh,27500,0,6,27500,5000,FALSE,5
Munchies,"Oleev Smart Oil Fortified with VIT A, D, E & K (Pouch)",21500,9,4,19400,1000,FALSE,1
Munchies,Everest Dry Ginger Powder,7500,9,4,6800,100,FALSE,100
Munchies,Pillsbury Cooker Cake Mix - Choco,10000,11,6,8900,159,FALSE,159
Munchies,Hersheys Chocolate Almond Syrup,20000,0,2,20000,450,FALSE,450
Munchies,Satyam Nighties Spices Chilli Pandi,5600,7,5,5200,100,FALSE,100
Munchies,Popular Essentials Popular Essential Pista Salted (With Shell),19000,10,6,17100,100,FALSE,100
Munchies,Godrej Yummiez Chicken Punjabi Tikka,29500,9,6,26600,360,FALSE,360
Munchies,Popular Essentials Rozana Sona Masuri Raw Rice,35000,10,5,31200,5000,FALSE,5
Munchies,24 Mantra Mustard Oil (Cold Pressed),35000,10,6,31200,1000,FALSE,1
Munchies,24 Mantra Organic Black Pepper,17000,7,6,15700,100,FALSE,100
Munchies,Popular Essentials Green Moong Whole,9000,16,3,7500,500,FALSE,500
Munchies,24 Mantra Organic Masoor Dal - Split,9500,7,6,8800,500,FALSE,500
Munchies,Praakritik Organic Natural Rock Salt,6000,6,3,5600,500,FALSE,500
Munchies,24 Mantra Sunflower Oil (Cold Pressed) Pet Bottle,39000,11,5,34700,1000,FALSE,1
Munchies,"Ching's Secret Instant Noodles, Hot Garlic",6000,0,4,6000,240,FALSE,240
Munchies,Saffola Everyday Peppy Tomato Masala Oats,19500,12,6,17100,500,FALSE,500
Munchies,Dabur 100% Pure Honey - Worlds No.1,43000,10,6,38700,1000,FALSE,1
Munchies,Popular Essentials Star Anise,7000,10,5,6300,25,FALSE,25
Munchies,Ching's Secret Chicken 65 Masala - Chicken,1000,0,5,1000,20,FALSE,20
Munchies,Cadbury Cocoa Powder,22300,5,6,21100,150,FALSE,150
Munchies,Praakritik Natural Desi Gir Cow A2 Ghee,145000,10,6,130500,540,FALSE,540
Munchies,Praakritik Organic Poha,12000,6,5,11200,500,FALSE,500
Munchies,Praakritik Organic Natural Wild Forest Honey,16000,6,4,15000,200,FALSE,200
Munchies,Popular Essentials Dry Dates (Kharak),14000,15,6,11800,250,FALSE,250
Munchies,Popular Essentials Kashmiri Red Rajma,9500,6,4,8900,500,FALSE,500
Munchies,Dabur Hommade - Garlic Paste,5000,6,6,4700,200,FALSE,200
Munchies,Dabur 100% Pure Honey,33000,10,1,29700,400,FALSE,400
Munchies,Ching's Schezwan Fried Rice(Miracle Masala),4400,0,5,4400,60,FALSE,60
Munchies,"""Maggi Magic Cubes, Vegetarian Masala""",3500,2,1,3400,40,FALSE,40
Munchies,Everest Tandoori Chicken Masala,7400,9,3,6700,100,FALSE,100
Munchies,Popular Essentials Red Poha,4500,4,6,4300,500,FALSE,500
Munchies,Everest Kitchen King Masala,14200,9,6,12800,200,FALSE,200
Munchies,Pillsbury Oven Cake Mix - Rich Chocolate,16500,10,5,14700,285,FALSE,285
Munchies,Eastern Super Garam Masala,7400,6,2,6900,200,FALSE,200
Munchies,Maggi Magic Cubes Extra Chicken,4000,2,6,3900,48,FALSE,48
Munchies,Satyam Nighties Spices Chilli Kashmiri,10200,6,6,9500,100,FALSE,100
Munchies,Eastern Cumin Powder,4900,2,6,4800,100,FALSE,100
Munchies,Popular Essentials Urad Gola White(Un-Polished),9000,10,6,8100,500,FALSE,500
Munchies,24 Mantra Organic Chana Dal,9500,6,5,8900,500,FALSE,500
Munchies,Delight Nuts Cashew Roasted & Salted,42500,20,6,34000,200,FALSE,200
Munchies,Popular Essentials Mace/Javitri,9000,10,3,8100,20,FALSE,20
Munchies,Dlicia Whip Topping Bottle,23500,27,5,17100,1000,FALSE,1
Munchies,Mother's Recipe Paste Ginger & Garlic,7600,10,4,6800,300,FALSE,300
Munchies,24 Mantra Groundnut Oil (Cold Pressed) Pet Bottle,41000,10,6,36900,1000,FALSE,1
Munchies,Satyam Pulses Masur Dal,8700,6,6,8100,500,FALSE,500
Munchies,Delight Nuts Pista Roasted & Salted,42500,20,6,34000,200,FALSE,200
Munchies,"Top Ramen Noodles, Atta",8000,0,1,8000,280,FALSE,280
Munchies,Hershey's Cocoa Powder,9500,0,5,9500,70,FALSE,70
Munchies,Praakritik Organic Singhara Atta,24000,6,4,22500,500,FALSE,500
Munchies,Gits Veg Biryani Ready to Eat,11000,10,6,9900,265,FALSE,265
Munchies,Delight Nuts Cranberries Sliced,29900,20,6,23900,200,FALSE,200
Munchies,Borges Durum Wheat Pasta Superior Quality,25000,40,6,14900,500,FALSE,500
Munchies,Ceres Foods Laal Maas Instant Liquid Masala,22000,50,5,11000,200,FALSE,200
Munchies,Popular Essentials Sattu Atta,9000,12,3,7900,500,FALSE,500
Munchies,Popular Essentials Mustard Seeds Rai Yellow,2500,0,5,2500,100,FALSE,100
Munchies,Praakritik Organic Extra Virgin Coconut Oil,15000,10,5,13400,100,FALSE,100
Munchies,Praakritik Organic Garlic Powder,11000,1,5,10800,100,FALSE,100
Munchies,Sugarfree Gold Low Calorie Sweetner,12500,5,6,11800,100,FALSE,100
Munchies,Aashirvaad Breakfast Instant Mix - Rice Idli,7500,30,6,5200,200,FALSE,200
Munchies,Kitchens Of India Mutter Paneer,13000,4,6,12400,285,FALSE,285
Munchies,Ching's Secret Veg Manchurian Masala,4400,0,6,4400,60,FALSE,60
Munchies,Popular Essentials Jowa Flour,5000,2,5,4900,500,FALSE,500
Munchies,Everest Shahi Biryani Masala,24500,0,6,24500,200,FALSE,200
Munchies,Popular Essentials Black Til,5000,6,4,4700,100,FALSE,100
Munchies,Popular Essentials Pancharatna Dal,8000,10,6,7200,500,FALSE,500
Munchies,Saffola 100% Pure Honey,47500,8,2,43700,1000,FALSE,750
Munchies,Popular Essentials Tamarind,15000,14,6,12800,500,FALSE,500
Munchies,Gits Rice Dosa Instant Breakfast Mix,6000,5,5,5700,200,FALSE,200
Munchies,Popular Essentials Poppy Seeds (Gasagase),28000,7,6,26000,100,FALSE,100
Munchies,Hershey's Hot Chocolate Powder,21000,0,4,21000,250,FALSE,250
Munchies,Borges Farfalle Durum Wheat Pasta,25000,0,5,25000,500,FALSE,500
Munchies,Satyam Chilli Bedgi,8200,10,5,7300,100,FALSE,100
Munchies,Aashirvaad Instant Mix - Rice Dosa,7500,30,6,5200,200,FALSE,200
Munchies,Hershey's Cocoa - Natural Unsweetened,27000,10,4,24300,225,FALSE,225
Munchies,Weikfield Veg Jelly Crystals - Mango,4500,2,6,4400,90,FALSE,90
Munchies,Praakritik Orrganic Cold Pressed Sesame Oil,13000,10,5,11700,100,FALSE,100
Munchies,Amulya Dairy Whitener,38000,2,4,37200,1000,FALSE,1
Munchies,ITC Master Chef Hyderabadi Biryani,7500,30,5,5200,80,FALSE,80
Munchies,Flying Bird Butter Scotch Essence,5000,2,6,4900,20,FALSE,20
Munchies,Dabur Hommade - Ginger Paste,5000,6,6,4700,200,FALSE,200
Munchies,Popular Essentials Green Peas (Un-Polished),12000,10,5,10800,500,FALSE,500
Munchies,Quaker Oats Pouch,27600,10,6,24800,1500,FALSE,1
Munchies,24 Mantra Organic Urad White Whole,14500,15,4,12200,500,FALSE,500
Munchies,Popular Essentials Guntur Chilli Stemless,4000,2,2,3900,100,FALSE,100
Munchies,Popular Essentials Moth Whole,9000,10,6,8100,500,FALSE,500
Munchies,Keya Pizza Seasoning,10900,17,6,9000,45,FALSE,45
Munchies,Keya Piri Piri | Exotic Spices Mix,10900,20,6,8700,80,FALSE,80
Munchies,24 Mantra Organic Moong Dal,13500,7,6,12500,500,FALSE,500
Munchies,Betty Crocker French Vanilla Cake Mix,31000,10,6,27600,520,FALSE,520
Munchies,Delight Nuts Dried Cranberries,34000,20,6,27200,200,FALSE,200
Munchies,Everest Kesari Milk Masala,20500,0,2,20500,50,FALSE,50
Munchies,Tong Garden Salted Cocktail Nuts,29500,9,5,26600,160,FALSE,160
Munchies,MTR Uttapam Mix,16500,5,6,15600,500,FALSE,500
Munchies,Gits Khaman Dhokla Instant Snack Mix,6500,6,6,6100,180,FALSE,180
Munchies,Happilo Premium 100% Natural Whole Cashews,33500,29,6,23500,200,FALSE,200
Munchies,Everest Dry Mango Powder,8000,0,5,8000,100,FALSE,100
Munchies,Dabur Hommade - Ginger Garlic Past Tub,11000,5,6,10400,400,FALSE,400
Munchies,Everest Chicken Masala,14700,10,6,13200,200,FALSE,200
Munchies,Gits Medu Vada Instant Snack Mix,9000,4,6,8600,200,FALSE,200
Munchies,Weikfield Drinking Chocolate Powder,6500,10,6,5800,100,FALSE,100
Munchies,Popular Essentials Regular White Lobia,7000,10,6,6300,500,FALSE,500
Munchies,Puro Healthy Salt Crystal,13500,7,6,12500,1000,FALSE,1
Munchies,Popular Essentials Premium Jeera Rice,14000,0,5,14000,1000,FALSE,1
Munchies,Smith & Jones Shahi Paneer Masala Mix,4400,0,6,4400,60,FALSE,60
Munchies,Betty Crocker Mug Treats - Chocolate Mix - Pack of 4,20000,11,6,17800,264,FALSE,264
Munchies,Smith & Jones Pasta Masala,6000,10,5,5400,108,FALSE,108
Munchies,Catch Black Pepper Sprinkler,10000,0,1,10000,50,FALSE,50
Munchies,Weikfield Cooker Cake Mix - Chocolate,9500,6,6,8900,150,FALSE,150
Munchies,ITC Master Chef Butter Chicken,7500,30,6,5200,80,FALSE,80
Munchies,Masala Oats Masala & Coriander,19500,9,5,17600,500,FALSE,500
Munchies,Smith & Jones Mutter Paneer Masala,4200,0,6,4200,60,FALSE,60
Munchies,Kitchens of India Dal Bukhara Gravy Mix,11000,30,6,7700,285,FALSE,285
Munchies,Popular Essentials Fried Gram (Bengal Gram),7000,10,6,6300,500,FALSE,500
Munchies,Gits Jalebi with Maker Dessert Mix,7500,16,6,6300,100,FALSE,100
Munchies,Popular Essentials Soya Beans,8000,6,6,7500,500,FALSE,500
Munchies,24 Mantra Organic Roasted Bengal Gram Dal,10500,7,6,9700,500,FALSE,500
Munchies,Keya Italian Seasoning,10900,10,6,9800,35,FALSE,35
Munchies,MTR Idli/Dosa/Chilly Chutney Powder,11500,0,3,11500,200,FALSE,200
Munchies,Delight Nuts Trail Mix,39900,25,6,29900,200,FALSE,200
Munchies,Praakritik Organic Chilka Moong Dal,12000,10,6,10800,500,FALSE,500
Munchies,Smith & Jones Garlic & Herbs Masala Mix,9900,0,6,9900,75,FALSE,75
Munchies,Eastern Tamarind,6300,0,6,6300,200,FALSE,200
Munchies,Tong Garden Wasabi Coated Greenpeas Tin,20000,11,6,17800,180,FALSE,180
Munchies,Flying Bird Pineapple Artifical Food Essence,5000,2,6,4900,20,FALSE,20
Munchies,Mother's Recipe Tamarind Paste,5000,2,2,4900,200,FALSE,200
Munchies,Japanese Choice Udon Noodles,29500,9,6,26600,250,FALSE,250
Munchies,Pantai Coconut Milk,15000,0,4,15000,400,FALSE,400
Munchies,Praakritik Organic Masoor Dal,13000,10,6,11600,500,FALSE,500
Munchies,Popular Essentials Classic Sona Masuri Rice,43000,10,6,38700,5000,FALSE,5
Munchies,Popular Essentials Salted Murmure,7000,18,6,5700,400,FALSE,400
Munchies,Oleev Active Oil (Pouch),26500,9,6,23900,1000,FALSE,1
Munchies,Delight Nuts Dried Blueberries,54000,20,6,43200,150,FALSE,150
Munchies,Popular Essentials Double Beans White,6000,10,6,5400,250,FALSE,250
Munchies,Delight Nuts Almond Natural,34900,20,6,27900,200,FALSE,200
Munchies,Praakritik Organic Jaggery,16000,6,6,15000,900,FALSE,900
Munchies,Praakritik Organic Raw Sugar,9000,6,6,8400,500,FALSE,500
Munchies,MTR Masala - Sambar Powder,11500,0,4,11500,200,FALSE,200
Munchies,RRO Til Dil Premium Til Oil Bottle,17300,6,6,16200,500,FALSE,500
Munchies,ITC Master Chef Vegetable Biryani Cooking Paste,7500,30,5,5200,80,FALSE,80
Munchies,Jivana Jaggery,10000,0,2,10000,950,FALSE,950
Munchies,Praakritik Organic Besan,17000,6,6,15900,500,FALSE,500
Munchies,MTR Instant Gulab Jamun Mix,19500,9,6,17600,500,FALSE,500